product_names_id,category_id
9215866f-2c88-440a-8d2a-26f121041be2,9a00a819-d1f5-49a3-85b6-b1d9a97ef9ed
dc234728-a375-42bb-9e0a-afac4c1f514f,8ee74e3f-5998-4ec8-a038-4896c2234951
f07bf915-1394-4b81-95d5-d3e6f7db70d8,9a00a819-d1f5-49a3-85b6-b1d9a97ef9ed
53485afa-758c-4c5e-8a2e-a293000a6230,33cd8255-6371-4baf-9888-555973935748
7173e05d-bed1-4d0e-be73-34fd04430234,af95ccc0-6ddb-4b10-82b2-4de8dabfcc46
f482fc23-9f7f-4d0a-a84e-6fa4244a76ce,af95ccc0-6ddb-4b10-82b2-4de8dabfcc46
fa81b917-2007-449d-9eec-dbe525ecf743,af95ccc0-6ddb-4b10-82b2-4de8dabfcc46
5c4d58ce-fdb5-4a52-97d8-a64aec0d6274,af95ccc0-6ddb-4b10-82b2-4de8dabfcc46
45f79649-b536-477e-80da-b511c14ff0c8,33cd8255-6371-4baf-9888-555973935748
868c79ed-b8db-48ea-a187-c157923ab802,af95ccc0-6ddb-4b10-82b2-4de8dabfcc46
8e6d28ea-ceb9-4ca1-89c7-d7e2bf89a360,9a00a819-d1f5-49a3-85b6-b1d9a97ef9ed
a50db28b-f8b9-4de3-aac2-e9b0be7f0f06,af95ccc0-6ddb-4b10-82b2-4de8dabfcc46
7f65b429-89e4-4613-928e-97d30972af53,33cd8255-6371-4baf-9888-555973935748
fb2a25f1-2d28-41db-b6f8-c50bc7dbff9b,33cd8255-6371-4baf-9888-555973935748
cce8557c-744f-4ef3-9420-7849105b751e,33cd8255-6371-4baf-9888-555973935748
89185c59-1b96-4fcc-a52e-d0aa0995963b,33cd8255-6371-4baf-9888-555973935748
9658d0fa-661e-41b0-8c1e-fbcf0e852ca3,6f1ecaa5-fac0-4111-ac77-a717940c788d
a16792c8-68a6-49e4-8c43-1d4f5e17ec28,af95ccc0-6ddb-4b10-82b2-4de8dabfcc46
ef17e1db-755c-445d-b530-bbaed775e2e1,af95ccc0-6ddb-4b10-82b2-4de8dabfcc46
0ac0226d-6b5d-4e00-90e4-8087d49eda2e,33cd8255-6371-4baf-9888-555973935748
a3527d44-3a03-4226-b81d-a77d80091a49,33cd8255-6371-4baf-9888-555973935748
8aad0942-1eed-4aee-9c01-7f3a1dcb4a22,af95ccc0-6ddb-4b10-82b2-4de8dabfcc46
5dc504c3-690a-46e8-9c4d-71d95c364329,af95ccc0-6ddb-4b10-82b2-4de8dabfcc46
d3ea37e4-7f6b-416e-8a33-b36cb5ce0440,af95ccc0-6ddb-4b10-82b2-4de8dabfcc46
0d1f55e5-4a60-483e-a0c0-6da96e8b8dfb,33cd8255-6371-4baf-9888-555973935748
43143988-9d1e-4c7f-b138-a120867021b6,33cd8255-6371-4baf-9888-555973935748
7ea192f9-5692-4330-a2fb-39e7d1137655,af95ccc0-6ddb-4b10-82b2-4de8dabfcc46
95f4e6ec-c49d-486f-8182-4b9bb21bd521,33cd8255-6371-4baf-9888-555973935748
f63dc32a-e532-4e35-be13-442b310d565f,6f1ecaa5-fac0-4111-ac77-a717940c788d
8fdf47da-2751-40be-a993-f32b589ccf52,6f1ecaa5-fac0-4111-ac77-a717940c788d
d3e97c7b-2ff6-4cb5-b6ca-37d79fb61e30,9a00a819-d1f5-49a3-85b6-b1d9a97ef9ed
e62687d8-5d3f-4095-80e9-4a8278336368,6f1ecaa5-fac0-4111-ac77-a717940c788d
99f38aa8-961a-4b9b-8d94-1cb7d2f2ba9b,9a00a819-d1f5-49a3-85b6-b1d9a97ef9ed
f2d433c7-a100-425a-874c-aaac3ba0f5e5,9a00a819-d1f5-49a3-85b6-b1d9a97ef9ed
e80aaaaa-dda5-459b-8bac-1022c39796eb,9a00a819-d1f5-49a3-85b6-b1d9a97ef9ed
3c9a4079-1161-4e52-a1f3-e7682698e91d,9a00a819-d1f5-49a3-85b6-b1d9a97ef9ed
18838449-54c1-4152-9337-0e0e36de0645,6f1ecaa5-fac0-4111-ac77-a717940c788d
2fa77313-f923-4c43-b999-bfd3531adad6,6f1ecaa5-fac0-4111-ac77-a717940c788d
79de72a7-070e-4620-82e4-59d971de0dfe,6f1ecaa5-fac0-4111-ac77-a717940c788d
481c3f6e-2ed6-4701-887d-28634ff038a9,6f1ecaa5-fac0-4111-ac77-a717940c788d
2d3e30b6-f3ab-433d-89b3-13cbf325f649,6f1ecaa5-fac0-4111-ac77-a717940c788d
30b5648a-f223-4c02-9d6c-515790914daa,6f1ecaa5-fac0-4111-ac77-a717940c788d
c93ac7ff-d217-4382-b346-c007effaea1f,6f1ecaa5-fac0-4111-ac77-a717940c788d
d917525d-2d24-4efe-8776-76c67d90781d,6f1ecaa5-fac0-4111-ac77-a717940c788d
460fd253-b54c-4b09-96e5-b6c2205386c1,6f1ecaa5-fac0-4111-ac77-a717940c788d
a57d5a43-4f50-4618-80e1-27f0af659c7d,9a00a819-d1f5-49a3-85b6-b1d9a97ef9ed
6e507cb1-97d5-4380-9d64-e6ca85183f85,9a00a819-d1f5-49a3-85b6-b1d9a97ef9ed
ff830577-e1d8-42b9-85eb-ce85ccf51c50,6f1ecaa5-fac0-4111-ac77-a717940c788d
04966013-b402-4496-a5a3-9abd6d7b6c41,6f1ecaa5-fac0-4111-ac77-a717940c788d
4b73bd4d-af34-40b2-8e03-20e8154ee3df,6f1ecaa5-fac0-4111-ac77-a717940c788d
5b8fe8b7-3c69-49a3-87a5-0447d41cb42f,6f1ecaa5-fac0-4111-ac77-a717940c788d
a052734f-7cfe-4d8a-be52-7f61d3377eb8,6f1ecaa5-fac0-4111-ac77-a717940c788d
7f11a85b-b29e-4040-83f8-14d7ebe89fc5,6f1ecaa5-fac0-4111-ac77-a717940c788d
bfad06da-2d58-43f1-8cd3-f2e0464b2218,6f1ecaa5-fac0-4111-ac77-a717940c788d
eab9a65d-66d4-4f6f-b34d-bba984bd069f,6f1ecaa5-fac0-4111-ac77-a717940c788d
8a15575e-6217-4950-9956-f88f6ca6097b,6f1ecaa5-fac0-4111-ac77-a717940c788d
a0117c83-1f48-4f45-96dd-8e2451306ddb,6f1ecaa5-fac0-4111-ac77-a717940c788d
52caf08f-4fc9-404e-846d-bb996132a591,6f1ecaa5-fac0-4111-ac77-a717940c788d
93832f84-2dd4-406e-8f1b-35e5b2494974,6f1ecaa5-fac0-4111-ac77-a717940c788d
37a70074-3627-4191-9657-d6315f4bac15,6f1ecaa5-fac0-4111-ac77-a717940c788d
f47f1ae8-7f34-44a6-964d-c7c9fda28d21,9a00a819-d1f5-49a3-85b6-b1d9a97ef9ed
d7600f72-e6ca-40e6-9653-2eae1eed44d2,9a00a819-d1f5-49a3-85b6-b1d9a97ef9ed
48211639-73e1-4d60-9e5f-d53c34401313,9a00a819-d1f5-49a3-85b6-b1d9a97ef9ed
5a891b3a-c181-46f0-86c0-ea465e325749,6fe71c72-7796-466a-acbf-aa1c93f1a123
da6d90d7-b040-4098-b6c3-6f9b21dd7975,6fe71c72-7796-466a-acbf-aa1c93f1a123
c06b27e7-9286-49fc-bace-df84395d5887,6f1ecaa5-fac0-4111-ac77-a717940c788d
ab799739-a0b7-4dd0-9439-7000f6441eff,9a00a819-d1f5-49a3-85b6-b1d9a97ef9ed
951da35e-ba06-4d4c-8fe2-d88e14067eea,9a00a819-d1f5-49a3-85b6-b1d9a97ef9ed
72515176-6a84-4046-a005-5468d612df65,4f78f76d-ab7e-4553-9535-93b113150f20
10f58789-da1c-45d6-bd4c-9688dc9a371a,af95ccc0-6ddb-4b10-82b2-4de8dabfcc46
0fb6b664-9b1d-4fe3-9656-a55b755c879e,af95ccc0-6ddb-4b10-82b2-4de8dabfcc46
4b225030-1bae-4902-a3ce-34750326db56,6fe71c72-7796-466a-acbf-aa1c93f1a123
152dafaa-770d-4e80-84da-dfb7af397ef3,6fe71c72-7796-466a-acbf-aa1c93f1a123
9dce8b97-e4df-484d-a7b5-3cd40d5b99d0,6f1ecaa5-fac0-4111-ac77-a717940c788d
7f448bfe-6913-4c7e-8c73-f2876d13f870,6f1ecaa5-fac0-4111-ac77-a717940c788d
633a452f-990f-40a4-bc20-45890e607649,ed470df7-f8ae-4d26-8865-7241f085785b
1693feaf-03c1-4e2e-a181-503fac0617c2,6f1ecaa5-fac0-4111-ac77-a717940c788d
b0ff7c57-330d-46b0-87a3-64ccfbef4107,6f1ecaa5-fac0-4111-ac77-a717940c788d
d287b295-33c6-4471-b891-c04dccaaa681,6f1ecaa5-fac0-4111-ac77-a717940c788d
10213d33-8175-4b05-8aee-9345d3fda5f5,6f1ecaa5-fac0-4111-ac77-a717940c788d
c25c694c-d9f4-477d-97a4-f7ae4120de44,6f1ecaa5-fac0-4111-ac77-a717940c788d
7148288f-aa39-4eba-96ab-a7a8c8b18c4d,6f1ecaa5-fac0-4111-ac77-a717940c788d
a386006d-7ca9-420d-943b-1bc0b1bc07e6,6f1ecaa5-fac0-4111-ac77-a717940c788d
17040d14-8eac-4f9f-ae2e-2e307c2c0016,6f1ecaa5-fac0-4111-ac77-a717940c788d
fc6ca091-f2e9-4a65-9637-f4892717a823,6f1ecaa5-fac0-4111-ac77-a717940c788d
ca41a95f-16fa-4373-922f-510e4b702d47,6f1ecaa5-fac0-4111-ac77-a717940c788d
391e6784-d12f-49de-80ff-030596bce889,6f1ecaa5-fac0-4111-ac77-a717940c788d
28dfc969-67e8-4f99-845a-32926ba7813e,8b6798b4-4cfa-431e-9575-d757fd12ccbe
2be83c57-2eb9-4aa4-8856-5031f4ea56f0,33cd8255-6371-4baf-9888-555973935748
ee885525-0248-424e-b8b2-806984106e16,af95ccc0-6ddb-4b10-82b2-4de8dabfcc46
c997c12f-123f-4a79-aedd-8dffcbad9bad,9a00a819-d1f5-49a3-85b6-b1d9a97ef9ed
484ef170-d997-4ad1-869b-ce34426a332e,9a00a819-d1f5-49a3-85b6-b1d9a97ef9ed
0735356b-63aa-4ba0-8fd5-fe9d70e3553b,9a00a819-d1f5-49a3-85b6-b1d9a97ef9ed
db7fd340-4266-4f93-9fdb-52cdb5a2c2aa,9a00a819-d1f5-49a3-85b6-b1d9a97ef9ed
1cdf294d-65d1-4681-9e93-9b55510a0c4b,9a00a819-d1f5-49a3-85b6-b1d9a97ef9ed
9651d3b2-62ad-487a-8ca9-6bb2650a3079,9a00a819-d1f5-49a3-85b6-b1d9a97ef9ed
bccfce1a-85ee-466c-9bac-260e5d0b1c2f,036ac34e-2d13-4a7e-a941-897b032e9c39
344f32ba-be19-42e1-abd9-132fe01f9b2c,036ac34e-2d13-4a7e-a941-897b032e9c39
166f2789-0588-4c62-a6e2-08b316df887c,036ac34e-2d13-4a7e-a941-897b032e9c39
22c3b50a-4f53-410b-bbe1-b7cfc39b5133,036ac34e-2d13-4a7e-a941-897b032e9c39
e2a9ac68-8683-4898-a0e7-2546a3c16e75,036ac34e-2d13-4a7e-a941-897b032e9c39
d293e84e-2ca5-4328-acdc-29be67e47dd2,af95ccc0-6ddb-4b10-82b2-4de8dabfcc46
dbb62e8f-58dd-4fe0-893d-5ba37f7a0784,af95ccc0-6ddb-4b10-82b2-4de8dabfcc46
6210f2ff-1015-448d-9d04-060e405de88b,4f78f76d-ab7e-4553-9535-93b113150f20
5871e8a7-5ceb-440b-8271-5ad758e854ea,4f78f76d-ab7e-4553-9535-93b113150f20
7ce8abfe-582f-43be-b353-295fd12ef0ef,4f78f76d-ab7e-4553-9535-93b113150f20
fff4a2bb-5dfc-4030-a04b-13d537f348d1,af95ccc0-6ddb-4b10-82b2-4de8dabfcc46
fc70af17-ca22-491e-a0fb-0bbcad6026e9,af95ccc0-6ddb-4b10-82b2-4de8dabfcc46
14225b12-ce19-482a-a6a1-b0dc6c8ad6b5,33cd8255-6371-4baf-9888-555973935748
aa468d12-3dc8-4a4e-9621-819213139ec3,33cd8255-6371-4baf-9888-555973935748
210afa44-0fc0-49aa-9c6f-74988b8f0275,33cd8255-6371-4baf-9888-555973935748
f1b83ab6-833b-425d-9e77-a2a50a2a3e84,4f78f76d-ab7e-4553-9535-93b113150f20
47cbef3a-90cf-46bc-8a4e-a93bcf2fb025,4f78f76d-ab7e-4553-9535-93b113150f20
5c66cb4b-1b65-43a2-88ce-9662856cd964,036ac34e-2d13-4a7e-a941-897b032e9c39
13be73f6-ca8a-4e6e-a8f7-30b95000b5e3,036ac34e-2d13-4a7e-a941-897b032e9c39
fe69482d-2e31-4a9a-ad73-5c3ae2c63482,036ac34e-2d13-4a7e-a941-897b032e9c39
b63e795b-408c-47bb-8c72-04624bb84bd5,af95ccc0-6ddb-4b10-82b2-4de8dabfcc46
1b5ec25f-f2db-4efa-bbfa-f3ecc5ab3cf6,9a00a819-d1f5-49a3-85b6-b1d9a97ef9ed
ec7746d2-ac45-417b-90b3-c49873df4932,8ee74e3f-5998-4ec8-a038-4896c2234951
ec63165d-1949-44f4-9e92-b407292b04fb,4f78f76d-ab7e-4553-9535-93b113150f20
b2fb30f3-ea47-48bb-90fc-0af849235f27,33cd8255-6371-4baf-9888-555973935748
8b2aba2c-a7a9-4c0f-a3f9-17464e6c31b5,33cd8255-6371-4baf-9888-555973935748
40064f82-8cea-402f-a5f5-720a66eb7068,33cd8255-6371-4baf-9888-555973935748
1d9d0eaf-8a19-4ee3-a47c-b90d3b1a66c8,9a00a819-d1f5-49a3-85b6-b1d9a97ef9ed
ebc0ad46-133a-4803-a98b-6e3f74e61a95,9a00a819-d1f5-49a3-85b6-b1d9a97ef9ed
b9312f2b-8e88-40f2-a7f5-fc4613b247a5,9a00a819-d1f5-49a3-85b6-b1d9a97ef9ed
e314533d-2ac4-47ce-90bd-a881cdfd91c2,9a00a819-d1f5-49a3-85b6-b1d9a97ef9ed
f6ed79f7-6ec8-4535-8a37-20b3ee944fbc,036ac34e-2d13-4a7e-a941-897b032e9c39
867edbc7-3203-4f75-ae22-fc39d4d45a06,be9d37f0-f538-4a71-b104-16a8b3d4c36c
317d1c73-85ca-4bd1-bf25-95adc6f1668c,036ac34e-2d13-4a7e-a941-897b032e9c39
54ab1578-4a55-41b3-b4c8-1af4ca7df369,9a00a819-d1f5-49a3-85b6-b1d9a97ef9ed
0a2bf88d-b1c4-43bf-b2d5-e1fa3aeb5eff,af95ccc0-6ddb-4b10-82b2-4de8dabfcc46
b9422e5c-423c-4a82-9d4a-c857fb7f83d5,33cd8255-6371-4baf-9888-555973935748
b4eb53e8-3c9b-4089-8248-da778391e6ef,6fe71c72-7796-466a-acbf-aa1c93f1a123
c6b9c7a2-392a-4bf5-b8c2-9c895cd4c5b1,036ac34e-2d13-4a7e-a941-897b032e9c39
5413b56c-8c62-4c57-bd98-8438bcca7269,9a00a819-d1f5-49a3-85b6-b1d9a97ef9ed
28b33fc7-8663-43ee-80d5-bf82df492651,6fe71c72-7796-466a-acbf-aa1c93f1a123
859d2fac-1f28-4eae-b763-aadf89eda893,6fe71c72-7796-466a-acbf-aa1c93f1a123
b29ff7fa-2833-4e30-bb56-d586fe9ebe3a,4f78f76d-ab7e-4553-9535-93b113150f20
c00e1e73-92c4-49bf-b46a-a0b900631a68,fbd9e263-1932-4b18-be01-a1682bb15087
db5fb1d9-226a-4823-a2fa-1d26557a4df3,fbd9e263-1932-4b18-be01-a1682bb15087
795523f5-7252-47d7-8fde-d77a1afbc982,d24dd74f-bb40-49bc-a19c-f9e90d77f4ea
9ba0e64c-f011-4874-8239-0a21d95de6b5,8b6798b4-4cfa-431e-9575-d757fd12ccbe
67c39b52-d4de-43c8-8313-f17980d3d702,6f1ecaa5-fac0-4111-ac77-a717940c788d
68baff27-677f-48c9-be24-6d384e576cb9,6f1ecaa5-fac0-4111-ac77-a717940c788d
d6543983-886b-4f60-aae8-508c99937951,6fe71c72-7796-466a-acbf-aa1c93f1a123
9016ae31-a33b-4741-be21-fd7d0eca04d4,6fe71c72-7796-466a-acbf-aa1c93f1a123
69ef7c3d-ab84-40e4-92c4-ecb024d614fc,6fe71c72-7796-466a-acbf-aa1c93f1a123
0d359237-cbfa-4521-bb9d-b37e522dafad,036ac34e-2d13-4a7e-a941-897b032e9c39
ddb79078-7256-4bfd-a292-d8f55bad2e66,9a00a819-d1f5-49a3-85b6-b1d9a97ef9ed
7ae2fecc-ff6c-4048-a183-fe2ce28d2935,af95ccc0-6ddb-4b10-82b2-4de8dabfcc46
1758d702-076a-4b42-939e-3a117f7e30d0,6fe71c72-7796-466a-acbf-aa1c93f1a123
c2b6185a-1648-488c-a266-e9b78581b594,6fe71c72-7796-466a-acbf-aa1c93f1a123
e90571b2-e6f9-4b7a-adee-079b5a5eab2b,6fe71c72-7796-466a-acbf-aa1c93f1a123
31d81e57-3c88-44f6-bf4f-8b008a5ca0b4,6fe71c72-7796-466a-acbf-aa1c93f1a123
32c9a573-7765-4ea8-acb6-7d0325caf210,6fe71c72-7796-466a-acbf-aa1c93f1a123
e901a0c4-766d-4c24-89de-ad895d40dc75,6fe71c72-7796-466a-acbf-aa1c93f1a123
f0faf796-3c11-476d-b876-0df534412fc0,af95ccc0-6ddb-4b10-82b2-4de8dabfcc46
72b329b1-4608-4db8-bfe9-b49c5306d38e,af95ccc0-6ddb-4b10-82b2-4de8dabfcc46
4bb5f4eb-3f07-4112-8bc0-402c96eb87a6,af95ccc0-6ddb-4b10-82b2-4de8dabfcc46
8b114949-ec52-4c3a-8176-155d16955792,9a00a819-d1f5-49a3-85b6-b1d9a97ef9ed
c20cd567-e2db-47a9-a8fc-6ef5ac592451,af95ccc0-6ddb-4b10-82b2-4de8dabfcc46
54ace3c3-5d36-41cb-acdc-42d7becc11df,33cd8255-6371-4baf-9888-555973935748
db13fd75-c6b9-46f5-8da3-caf3d8c95a2a,6fe71c72-7796-466a-acbf-aa1c93f1a123
92444825-9012-4f49-89b4-cff146b40901,ed470df7-f8ae-4d26-8865-7241f085785b
83d0ef35-ef1a-452b-bd33-4f451bdda90c,6fe71c72-7796-466a-acbf-aa1c93f1a123
f2488a97-6b3d-4804-9393-364091aa8ea1,9a00a819-d1f5-49a3-85b6-b1d9a97ef9ed
851b6ad1-b57d-4ae1-80fe-d9468415d034,6fe71c72-7796-466a-acbf-aa1c93f1a123
86694e6a-dfcf-4bb1-88b0-415c0e325b21,6fe71c72-7796-466a-acbf-aa1c93f1a123
e2f1e804-2c6f-4253-8041-98f410e103fc,4f78f76d-ab7e-4553-9535-93b113150f20
6c55e396-44db-4a89-aa6d-61363dd6cbb6,ed470df7-f8ae-4d26-8865-7241f085785b
42772e34-8292-4ce8-84a1-0d587c44b401,036ac34e-2d13-4a7e-a941-897b032e9c39
fcc337ef-e312-4d9b-92d7-514cfe137e0a,036ac34e-2d13-4a7e-a941-897b032e9c39
dd55da53-b597-4086-bd84-2e57c248ca71,036ac34e-2d13-4a7e-a941-897b032e9c39
2671d493-6f44-4784-bdf5-e0bfa1989d95,036ac34e-2d13-4a7e-a941-897b032e9c39
a1424c64-2c89-4fa1-b771-1afb2dd6567c,036ac34e-2d13-4a7e-a941-897b032e9c39
d8d527f1-0ca6-41ed-bf94-c50575a68736,036ac34e-2d13-4a7e-a941-897b032e9c39
6c0e4327-5050-4e6e-88b0-1794e6ca31a7,6fe71c72-7796-466a-acbf-aa1c93f1a123
4c8a1a46-082b-4d95-9846-7a85651d2c7c,036ac34e-2d13-4a7e-a941-897b032e9c39
a7dc820b-f496-466a-85e5-922157613be8,036ac34e-2d13-4a7e-a941-897b032e9c39
fa77872d-d892-45de-badf-d942a2843b26,a403e12a-aad6-4c1b-b9c2-a9ba0dacb96b
f211a932-32eb-40c9-bdc8-59ff3ebdddb0,a403e12a-aad6-4c1b-b9c2-a9ba0dacb96b
ba4aa3eb-9aeb-4d07-9e55-674d020ab495,9a00a819-d1f5-49a3-85b6-b1d9a97ef9ed
f0d43ffc-953a-4323-a1dc-071faf643c4f,036ac34e-2d13-4a7e-a941-897b032e9c39
9b4e9cfc-c164-42bd-8056-879f1dba5414,fbd9e263-1932-4b18-be01-a1682bb15087
278de2d1-31ad-4547-9b9f-3d9274296401,af95ccc0-6ddb-4b10-82b2-4de8dabfcc46
cc3dc907-450e-428d-a75f-fad14dc3ad1b,af95ccc0-6ddb-4b10-82b2-4de8dabfcc46
83a6d1a4-652f-4394-b54a-562122373e5e,af95ccc0-6ddb-4b10-82b2-4de8dabfcc46
392ca35c-d428-48da-809e-368e283f1411,af95ccc0-6ddb-4b10-82b2-4de8dabfcc46
c13f3d56-1865-421c-a7d0-efe5587ebb11,af95ccc0-6ddb-4b10-82b2-4de8dabfcc46
89452d40-fe91-4cdd-8c50-6b1d3aa618ba,af95ccc0-6ddb-4b10-82b2-4de8dabfcc46
3ed3b11f-1bb6-4cb9-9616-1bc0bb7b5b79,af95ccc0-6ddb-4b10-82b2-4de8dabfcc46
d6ae25ef-6104-41a0-8c8d-c159395d9a99,af95ccc0-6ddb-4b10-82b2-4de8dabfcc46
c4548801-ef38-46c0-b865-9fab94909f72,af95ccc0-6ddb-4b10-82b2-4de8dabfcc46
7749cab5-c671-4d29-8556-4f97f5b75a71,af95ccc0-6ddb-4b10-82b2-4de8dabfcc46
709c11db-76be-41d6-b1ac-dcf06c086d04,af95ccc0-6ddb-4b10-82b2-4de8dabfcc46
01c7cd74-3664-400b-8832-391f57cec7c0,036ac34e-2d13-4a7e-a941-897b032e9c39
8af32ba7-436f-4d45-b9b6-524f68588956,036ac34e-2d13-4a7e-a941-897b032e9c39
dbcd29b8-c00d-4ca8-8c04-f916979e72b9,036ac34e-2d13-4a7e-a941-897b032e9c39
5fb20214-da78-4da2-9677-5bbcdc94fa53,036ac34e-2d13-4a7e-a941-897b032e9c39
c66d497d-cf8a-4556-aea3-0adaf61c2cf3,036ac34e-2d13-4a7e-a941-897b032e9c39
a0c2936f-dd98-48be-b602-123e1f27cb57,036ac34e-2d13-4a7e-a941-897b032e9c39
6ba0649d-5a1c-49b1-be6d-b15e38ebd836,036ac34e-2d13-4a7e-a941-897b032e9c39
22ab4b79-b90d-41d7-8fa8-948311b14a35,036ac34e-2d13-4a7e-a941-897b032e9c39
0352812f-b4c4-4be8-b6c0-84cff6f4f21a,036ac34e-2d13-4a7e-a941-897b032e9c39
274aa821-89c1-45eb-81da-84121901e6ec,036ac34e-2d13-4a7e-a941-897b032e9c39
53a0540a-1e5b-4b01-987a-83cfe9420704,af95ccc0-6ddb-4b10-82b2-4de8dabfcc46
2dd774c3-97f5-4871-8fe3-1b6fec8584c0,af95ccc0-6ddb-4b10-82b2-4de8dabfcc46
fae53ec2-c2cc-4710-a02d-016710882645,036ac34e-2d13-4a7e-a941-897b032e9c39
5bbbcbc4-c965-42de-ab74-175da7744dcd,036ac34e-2d13-4a7e-a941-897b032e9c39
c3c5457b-c9f5-4faf-8812-a74e630da4dd,036ac34e-2d13-4a7e-a941-897b032e9c39
33830d78-e6ab-4b7d-a422-39ba4985bf0a,af95ccc0-6ddb-4b10-82b2-4de8dabfcc46
95f528d4-147b-4c03-80d7-67ae64d5b45c,af95ccc0-6ddb-4b10-82b2-4de8dabfcc46
fb1b8871-33e1-427e-bc40-015262e1eea6,af95ccc0-6ddb-4b10-82b2-4de8dabfcc46
f73999b4-4632-470e-95ae-cfde7d270324,af95ccc0-6ddb-4b10-82b2-4de8dabfcc46
2bc249f9-a447-47b0-ab1f-02e1852adba1,af95ccc0-6ddb-4b10-82b2-4de8dabfcc46
76776c76-855b-4843-a0ba-e9ff907cff87,036ac34e-2d13-4a7e-a941-897b032e9c39
bd529edb-78ce-42cc-8c39-79dbd8c82b05,036ac34e-2d13-4a7e-a941-897b032e9c39
4e587317-a99d-4751-98f0-9de8906779a7,036ac34e-2d13-4a7e-a941-897b032e9c39
fc84e321-42d0-470f-9c30-dc99156bee61,036ac34e-2d13-4a7e-a941-897b032e9c39
9496fe6b-59c2-4eab-8dde-2420f8905d43,036ac34e-2d13-4a7e-a941-897b032e9c39
5295a604-994b-4790-92a1-bee1527e238a,9a00a819-d1f5-49a3-85b6-b1d9a97ef9ed
a3d8492b-160b-48d2-9d55-5c1357ce4252,6fe71c72-7796-466a-acbf-aa1c93f1a123
e48e7281-0847-479a-8897-242bc2b96f8f,9a00a819-d1f5-49a3-85b6-b1d9a97ef9ed
6af36347-3fde-4d3f-bd46-63eb5cdfee64,036ac34e-2d13-4a7e-a941-897b032e9c39
6ad6d134-1ff6-4dbf-97d9-730dc839cfcf,af95ccc0-6ddb-4b10-82b2-4de8dabfcc46
1dbd44b6-6ccd-411c-904c-ecd2e378024b,af95ccc0-6ddb-4b10-82b2-4de8dabfcc46
6109650a-09d1-4f93-970e-5d688dc1d114,af95ccc0-6ddb-4b10-82b2-4de8dabfcc46
d6e3068d-9026-4229-bc5f-fbdae524daa9,af95ccc0-6ddb-4b10-82b2-4de8dabfcc46
7a56fdcc-1574-4532-a202-b33b158cde21,af95ccc0-6ddb-4b10-82b2-4de8dabfcc46
c9ba5d93-3e4a-4fe3-9dd4-91c50227879e,af95ccc0-6ddb-4b10-82b2-4de8dabfcc46
1b010e72-c099-4650-b4c3-bd3913e64fe2,af95ccc0-6ddb-4b10-82b2-4de8dabfcc46
bfcc623a-a6b3-4f63-bb8a-bac21b2718c6,af95ccc0-6ddb-4b10-82b2-4de8dabfcc46
ea398099-2ff1-4370-9e1a-12ff970f4ce5,af95ccc0-6ddb-4b10-82b2-4de8dabfcc46
dc0751cc-f658-4022-91c4-9e778a19db7c,af95ccc0-6ddb-4b10-82b2-4de8dabfcc46
267fc034-668f-4a0c-a433-0783198d023e,af95ccc0-6ddb-4b10-82b2-4de8dabfcc46
bf827028-5005-4423-bba8-fc4196b9cb60,af95ccc0-6ddb-4b10-82b2-4de8dabfcc46
d4545f3b-a4b4-42f1-a2cd-136b526a649b,af95ccc0-6ddb-4b10-82b2-4de8dabfcc46
2b990443-a2d8-481f-9c86-a92623ca47d5,af95ccc0-6ddb-4b10-82b2-4de8dabfcc46
721b48a1-d7ac-4c5f-9732-975dce3f645c,af95ccc0-6ddb-4b10-82b2-4de8dabfcc46
1c1aca1f-45a1-40e6-986c-d58fbe2981af,af95ccc0-6ddb-4b10-82b2-4de8dabfcc46
acf0a299-3482-4c6e-8b72-41e8654e8259,af95ccc0-6ddb-4b10-82b2-4de8dabfcc46
1a27b58f-41b1-41bf-bb7f-8bddb73c98aa,af95ccc0-6ddb-4b10-82b2-4de8dabfcc46
cacb8c0a-2b1e-431e-997e-2fe30292d6f9,af95ccc0-6ddb-4b10-82b2-4de8dabfcc46
e3ad3f92-6ffb-468c-8fe5-5ba02b8de97c,33cd8255-6371-4baf-9888-555973935748
e2e817f6-da92-4512-828b-1baaea987445,33cd8255-6371-4baf-9888-555973935748
0b347ca6-f0e8-4e2e-a4d0-8a9e4b98d8f3,036ac34e-2d13-4a7e-a941-897b032e9c39
335d5ed8-300d-4ec8-91ed-26c784234cb2,8ee74e3f-5998-4ec8-a038-4896c2234951
1ace5832-fb04-428b-9fb4-dd6f4a85c55c,8ee74e3f-5998-4ec8-a038-4896c2234951
f119e3cc-1b27-49f3-b34c-dfb1b3e8616f,33cd8255-6371-4baf-9888-555973935748
3fb1afcc-e879-4c93-9e52-a395e2127366,33cd8255-6371-4baf-9888-555973935748
284b3176-4e09-4e8c-b243-257f0bd0dca3,6f1ecaa5-fac0-4111-ac77-a717940c788d
fcc0f93a-eb8d-415c-893e-db36b14d023f,8ee74e3f-5998-4ec8-a038-4896c2234951
9b001db7-9a2b-4200-b6d8-6f540a849fc0,fbd9e263-1932-4b18-be01-a1682bb15087
457afa11-c981-4960-9052-4273d3ca049f,6fe71c72-7796-466a-acbf-aa1c93f1a123
514472c1-e68b-4752-8b3e-b555aadfd29c,8ee74e3f-5998-4ec8-a038-4896c2234951
718e7100-edc9-497f-978a-931c84d33fcb,8ee74e3f-5998-4ec8-a038-4896c2234951
c3e5a946-075f-48a3-8fa0-166feb586c88,8ee74e3f-5998-4ec8-a038-4896c2234951
834c49c4-2436-42d8-a03f-7825f8f52512,8ee74e3f-5998-4ec8-a038-4896c2234951
893dba25-733d-42c9-a00c-209467b0a786,8ee74e3f-5998-4ec8-a038-4896c2234951
1520a4e0-cdc4-4869-92df-6a9bd53b8b25,8ee74e3f-5998-4ec8-a038-4896c2234951
77a646c0-512d-4156-8194-de1364ee824e,8ee74e3f-5998-4ec8-a038-4896c2234951
5fc02aea-c4e2-4e0e-834e-e851e59f0360,af95ccc0-6ddb-4b10-82b2-4de8dabfcc46
6976b589-f371-4e3f-b8a1-c29a340d24eb,d24dd74f-bb40-49bc-a19c-f9e90d77f4ea
b7d2cfe8-7bf3-447c-82d7-0b5d7f0a38e1,8ee74e3f-5998-4ec8-a038-4896c2234951
6345566e-1474-4b72-bb3c-cbd8aa7b3ec9,8ee74e3f-5998-4ec8-a038-4896c2234951
558295d6-b759-499c-a7f5-3e7479710229,8ee74e3f-5998-4ec8-a038-4896c2234951
70deec03-ab8d-49e1-99c3-324b9339e401,d24dd74f-bb40-49bc-a19c-f9e90d77f4ea
64cb039d-b653-4026-a51c-ac7d577b1bff,9a00a819-d1f5-49a3-85b6-b1d9a97ef9ed
85dc2f13-2813-4538-9463-b287f58ba324,9a00a819-d1f5-49a3-85b6-b1d9a97ef9ed
58f635cc-fbef-45a2-b256-a08e61a82b44,8ee74e3f-5998-4ec8-a038-4896c2234951
381b78bd-a8ad-459b-b1c3-5c28bfe47d7a,036ac34e-2d13-4a7e-a941-897b032e9c39
1d8861f7-834f-48b9-a51c-6e07ebe8ab4d,8ee74e3f-5998-4ec8-a038-4896c2234951
5b224022-1e34-4971-8c78-de7827315e16,8ee74e3f-5998-4ec8-a038-4896c2234951
d8f7583c-9a7a-4b9f-975a-21209e4df5f9,d24dd74f-bb40-49bc-a19c-f9e90d77f4ea
7ef20685-bea8-4849-98fb-60887cd14044,d24dd74f-bb40-49bc-a19c-f9e90d77f4ea
11c9f6de-c451-4167-b861-09618c82e05c,d24dd74f-bb40-49bc-a19c-f9e90d77f4ea
b5a9f489-dd9f-4708-9687-560e42661fab,af95ccc0-6ddb-4b10-82b2-4de8dabfcc46
ecbcb86a-8db6-4792-8d36-6467157aa225,af95ccc0-6ddb-4b10-82b2-4de8dabfcc46
7a6f8d4b-205c-4d93-b9d5-0019245ed421,af95ccc0-6ddb-4b10-82b2-4de8dabfcc46
dfbfa71f-7d32-4708-b468-bfd4ed6189ea,9a00a819-d1f5-49a3-85b6-b1d9a97ef9ed
5b4f7a59-0ac6-4a5b-b929-1ed495de34c0,9a00a819-d1f5-49a3-85b6-b1d9a97ef9ed
89287f0a-084d-4690-b546-f95320dc7c12,d24dd74f-bb40-49bc-a19c-f9e90d77f4ea
d8b745bf-490c-4e41-ad33-4b8dce9f226c,9a00a819-d1f5-49a3-85b6-b1d9a97ef9ed
97034fe2-ee61-4f75-bb48-15ef24eb084d,6fe71c72-7796-466a-acbf-aa1c93f1a123
0aaf373a-b5cc-4b5f-ae94-0d9b957391fe,d24dd74f-bb40-49bc-a19c-f9e90d77f4ea
3a8502ab-a119-4177-89da-4f2d6481dfb6,d24dd74f-bb40-49bc-a19c-f9e90d77f4ea
43cd1e85-2de2-4dee-bb1d-96112ee92c06,fbd9e263-1932-4b18-be01-a1682bb15087
386e8a20-2036-403b-b58c-be7aaf994a5e,ed470df7-f8ae-4d26-8865-7241f085785b
8a769d02-ff35-4919-827f-9d39d6edc356,6f1ecaa5-fac0-4111-ac77-a717940c788d
31342937-c1b4-4505-b4be-bb2b6420f493,d24dd74f-bb40-49bc-a19c-f9e90d77f4ea
573c1244-7d40-4dc5-9fb1-fcc816ec97e3,fbd9e263-1932-4b18-be01-a1682bb15087
1592862b-3d31-4561-8f66-7e157ca21def,fbd9e263-1932-4b18-be01-a1682bb15087
6aa74448-e7ae-40d8-b25c-a534b0131e0d,af95ccc0-6ddb-4b10-82b2-4de8dabfcc46
06ddcb9b-5466-4c50-b84a-354be64d313a,af95ccc0-6ddb-4b10-82b2-4de8dabfcc46
b87d3fc2-c839-4a7f-a724-bdf17976dd5a,fbd9e263-1932-4b18-be01-a1682bb15087
4fe58316-2602-45cf-95dc-096cd9f97749,fbd9e263-1932-4b18-be01-a1682bb15087
8f5a6cff-c3ff-4489-af40-88e24ab17c50,8ee74e3f-5998-4ec8-a038-4896c2234951
6d441d52-893a-47f0-8670-bb43f88b8a33,8ee74e3f-5998-4ec8-a038-4896c2234951
94c94120-edc3-4ba0-8fc0-4eb856da54ba,af95ccc0-6ddb-4b10-82b2-4de8dabfcc46
c66c4084-dc64-43b5-a6bd-3d1594d56454,af95ccc0-6ddb-4b10-82b2-4de8dabfcc46
6e22ba22-0099-4cad-8022-867481300bc2,fbd9e263-1932-4b18-be01-a1682bb15087
9425f448-9b53-4a1b-acea-d6277bffce5a,fbd9e263-1932-4b18-be01-a1682bb15087
2037a049-7242-4be0-8415-3215d508dc9e,a403e12a-aad6-4c1b-b9c2-a9ba0dacb96b
4c250fc6-a00c-4b49-a83b-f1d01e65bf94,a403e12a-aad6-4c1b-b9c2-a9ba0dacb96b
a4d0e785-86e1-4173-ad22-154163a562cc,a403e12a-aad6-4c1b-b9c2-a9ba0dacb96b
85f9f635-f3f5-404e-b43c-55887515754d,a403e12a-aad6-4c1b-b9c2-a9ba0dacb96b
734ed224-a573-4e63-b21c-ceacaa3cb963,fbd9e263-1932-4b18-be01-a1682bb15087
a4e0cb3d-36d5-4dd3-80c1-da8b376a54cd,fbd9e263-1932-4b18-be01-a1682bb15087
6445d64a-c53b-4c38-9f1d-f128c58a61c3,fbd9e263-1932-4b18-be01-a1682bb15087
2d6b6253-8a95-4c53-98ea-f2264b07c5e2,a403e12a-aad6-4c1b-b9c2-a9ba0dacb96b
cda9be56-0f06-4347-8722-4ca97eca5700,a403e12a-aad6-4c1b-b9c2-a9ba0dacb96b
615016e7-6bb9-4cbc-b6c7-9f5996c16712,a403e12a-aad6-4c1b-b9c2-a9ba0dacb96b
33786753-2585-444b-b2e1-c33f6f519139,a403e12a-aad6-4c1b-b9c2-a9ba0dacb96b
5ac5d4a9-b9e8-4f9d-8333-b5f77281cd1c,a403e12a-aad6-4c1b-b9c2-a9ba0dacb96b
97da7757-bbf1-4c68-9d71-2595adf6ca00,a403e12a-aad6-4c1b-b9c2-a9ba0dacb96b
4a2da249-8b39-4955-a15d-0768beeba137,a403e12a-aad6-4c1b-b9c2-a9ba0dacb96b
d539a752-3cab-41cd-b7d6-48120017d4f0,fbd9e263-1932-4b18-be01-a1682bb15087
e9b1ef74-2ac6-46dc-a564-62bda041da70,fbd9e263-1932-4b18-be01-a1682bb15087
5dac84ee-20e0-4ca3-8eec-733a45049d59,a403e12a-aad6-4c1b-b9c2-a9ba0dacb96b
2e5377e6-66e3-454d-9290-33f33c907dd8,a403e12a-aad6-4c1b-b9c2-a9ba0dacb96b
53c61cc5-f51b-40b1-b5a0-44f1c2674d90,a403e12a-aad6-4c1b-b9c2-a9ba0dacb96b
916fbc80-32a8-4579-961c-b3fc54aceaa9,a403e12a-aad6-4c1b-b9c2-a9ba0dacb96b
042ec0a8-8f02-4008-8929-064f9edf903d,a403e12a-aad6-4c1b-b9c2-a9ba0dacb96b
f014a1ab-28d0-49b9-ae7b-f60e37b0fe4a,a403e12a-aad6-4c1b-b9c2-a9ba0dacb96b
dcd935ed-b312-4a28-a0c7-30f0f2e51ef7,a403e12a-aad6-4c1b-b9c2-a9ba0dacb96b
b937ef8a-7eae-4128-9ff1-841abf8fe2f4,a403e12a-aad6-4c1b-b9c2-a9ba0dacb96b
ede96f5b-a208-4d1f-b6d1-ba5d1f349aca,a403e12a-aad6-4c1b-b9c2-a9ba0dacb96b
748bd8e4-5ae4-447e-9974-cb9e4aa32097,a403e12a-aad6-4c1b-b9c2-a9ba0dacb96b
b5b87c2d-e3ca-400a-8da6-4617f5324c02,9a00a819-d1f5-49a3-85b6-b1d9a97ef9ed
092060a8-07d5-4083-b183-c53a42b57468,6f1ecaa5-fac0-4111-ac77-a717940c788d
61105604-665c-4205-ba29-d82599d13529,af95ccc0-6ddb-4b10-82b2-4de8dabfcc46
698a4b9d-26a3-4fce-965e-b833be1945ce,af95ccc0-6ddb-4b10-82b2-4de8dabfcc46
8c24bd2a-7e54-4a9d-a0be-940735c30a68,af95ccc0-6ddb-4b10-82b2-4de8dabfcc46
7dc2d360-5fa3-49d8-aa46-01e29ae6304e,af95ccc0-6ddb-4b10-82b2-4de8dabfcc46
620c9eaf-5680-4fa0-8ea8-1cd895c5154e,af95ccc0-6ddb-4b10-82b2-4de8dabfcc46
7781a23c-9a35-4be1-a2ea-b1203e4f919a,fbd9e263-1932-4b18-be01-a1682bb15087
b85bd543-72f7-4f40-91f2-523cdbdb1b31,fbd9e263-1932-4b18-be01-a1682bb15087
c5dcd7b9-235e-40ab-b3eb-9932fe8b9847,9a00a819-d1f5-49a3-85b6-b1d9a97ef9ed
cdf45e99-f146-4b34-9763-8383f1e45135,d24dd74f-bb40-49bc-a19c-f9e90d77f4ea
3b40a7af-0f77-4d53-8d2d-09100b1aa77d,4f78f76d-ab7e-4553-9535-93b113150f20
0d8afda1-da29-40a4-bf87-1b1adc7e8af3,4f78f76d-ab7e-4553-9535-93b113150f20
7412cc93-928d-41db-89b2-1f520febf5b8,6fe71c72-7796-466a-acbf-aa1c93f1a123
cb1456e9-7615-4bc3-bf18-92f72d54eae7,4f78f76d-ab7e-4553-9535-93b113150f20
a8ea68b8-1866-49f7-a58a-348b1b977631,9a00a819-d1f5-49a3-85b6-b1d9a97ef9ed
d699763f-cc46-49ea-8351-bbd9d4470d91,8ee74e3f-5998-4ec8-a038-4896c2234951
ae115193-350b-499f-851a-b8ceea57cc06,d24dd74f-bb40-49bc-a19c-f9e90d77f4ea
845c1a0f-6407-4fc5-bfcc-ac66843f0143,d24dd74f-bb40-49bc-a19c-f9e90d77f4ea
89c4e848-f46b-476c-8839-3c65b714c3cb,6fe71c72-7796-466a-acbf-aa1c93f1a123
fe00ec50-affe-41d9-8bd5-511458ccc1ec,9a00a819-d1f5-49a3-85b6-b1d9a97ef9ed
c3c071d2-b758-4799-a449-12b8656f4b4d,9a00a819-d1f5-49a3-85b6-b1d9a97ef9ed
4e06b553-a524-497b-bd05-a957fbcf10cc,d24dd74f-bb40-49bc-a19c-f9e90d77f4ea
b63c3a2d-2c04-4d4d-af2c-4dfe5e903adb,33cd8255-6371-4baf-9888-555973935748
c37f0521-1f8e-4eb7-a8a9-e9fd8d065ba3,33cd8255-6371-4baf-9888-555973935748
cdc48c9c-0b56-4c90-8372-cfbcb5fe5a82,33cd8255-6371-4baf-9888-555973935748
a656de8a-2037-4e13-af55-f1d38d5f0c77,33cd8255-6371-4baf-9888-555973935748
8a35bf46-c82d-4326-ae06-f6f80e64d6e2,33cd8255-6371-4baf-9888-555973935748
5fd231f5-aef5-46e9-bd92-28cf77b5cf15,af95ccc0-6ddb-4b10-82b2-4de8dabfcc46
63376cbc-4e0b-4b58-bf99-9bb135fb276c,33cd8255-6371-4baf-9888-555973935748
08b85b37-af7f-4d78-b88b-93e9eddb0e0b,9a00a819-d1f5-49a3-85b6-b1d9a97ef9ed
6d0e74bd-9568-4db1-8fa3-d2e04b5c6620,9a00a819-d1f5-49a3-85b6-b1d9a97ef9ed
8c1bf7ba-ad1d-495e-a32c-c2030e2f3997,9a00a819-d1f5-49a3-85b6-b1d9a97ef9ed
845fffcc-4299-4b66-bb62-1e1bac7abf24,9a00a819-d1f5-49a3-85b6-b1d9a97ef9ed
40f82abf-333d-4195-8275-b0a9919d533e,9a00a819-d1f5-49a3-85b6-b1d9a97ef9ed
288c84ec-8632-4797-a314-54e10535fab3,9a00a819-d1f5-49a3-85b6-b1d9a97ef9ed
5154117d-da06-4fa2-9a9f-331fb6b2b76a,f262c191-57f7-409c-9a39-e5766718deb5
d6112516-1641-42c2-b7ed-b26c9ee82ffd,f262c191-57f7-409c-9a39-e5766718deb5
8f8370bc-64ec-4d2f-8263-608b416a0946,f262c191-57f7-409c-9a39-e5766718deb5
249bf7e2-0941-40d1-8415-a1a416b3fe96,f262c191-57f7-409c-9a39-e5766718deb5
baccca39-d6bd-42b5-ae07-6fbfa4cf3d84,f262c191-57f7-409c-9a39-e5766718deb5
d62bf1c3-8180-4c5f-8644-62090a4e0b87,f262c191-57f7-409c-9a39-e5766718deb5
d5f25023-979a-4911-b19e-eff736b7a6f3,9a00a819-d1f5-49a3-85b6-b1d9a97ef9ed
cbd87922-c97e-4706-bec4-ad18ed835e00,4f78f76d-ab7e-4553-9535-93b113150f20
7581974b-5396-49cc-90a1-7d298faeab05,f262c191-57f7-409c-9a39-e5766718deb5
dabcbccc-b9f5-442a-8106-adfd09da7f16,f262c191-57f7-409c-9a39-e5766718deb5
4a72adc2-a2a2-41e7-8839-8101318cb776,f262c191-57f7-409c-9a39-e5766718deb5
91091def-d581-4417-a52c-ddac5b909af1,f262c191-57f7-409c-9a39-e5766718deb5
c24bb22f-af66-428e-8da7-0ae8b84fe845,f262c191-57f7-409c-9a39-e5766718deb5
2a39c510-ad89-4b15-b820-c8383233f53b,f262c191-57f7-409c-9a39-e5766718deb5
22d28440-fa45-428a-84a2-9918b559de72,9a00a819-d1f5-49a3-85b6-b1d9a97ef9ed
94dfb3a9-1483-48ab-b614-bad6fcc81ccb,4f78f76d-ab7e-4553-9535-93b113150f20
dbd3c46b-760a-4057-8110-f803af3685f0,9a00a819-d1f5-49a3-85b6-b1d9a97ef9ed
72a8a88f-5fe4-4f59-bf32-54c793d5ed1c,ed470df7-f8ae-4d26-8865-7241f085785b
61ddab1b-ccd4-4b57-96eb-ccb7c6d270d1,9a00a819-d1f5-49a3-85b6-b1d9a97ef9ed
090711bf-155d-4384-8652-4de8a11ef8c3,6fe71c72-7796-466a-acbf-aa1c93f1a123
6e6efd89-2a09-4a25-88e0-2423d62a1681,036ac34e-2d13-4a7e-a941-897b032e9c39
f3b87489-00cb-475c-be3e-63a2f937e96f,036ac34e-2d13-4a7e-a941-897b032e9c39
0f5304fa-d9ca-4012-ac70-f94e43521b4e,6f1ecaa5-fac0-4111-ac77-a717940c788d
db4d5797-ed5f-4186-a2f3-95af81a012f2,8ee74e3f-5998-4ec8-a038-4896c2234951
d8d32215-ad09-491d-bb5e-448d78741166,8ee74e3f-5998-4ec8-a038-4896c2234951
9048aefb-aee6-4b63-b5de-065db1fbe35a,8ee74e3f-5998-4ec8-a038-4896c2234951
c66dc07d-48e6-47ff-9e8a-a9b03ac81aa3,8ee74e3f-5998-4ec8-a038-4896c2234951
cdbfae2d-d06f-4150-a3e3-0677f2a8e6bb,6fe71c72-7796-466a-acbf-aa1c93f1a123
eebfadf3-db2e-4b20-89a5-5182954ff73a,6fe71c72-7796-466a-acbf-aa1c93f1a123
4af8f5f9-18d3-42a8-8ac6-341949d70924,4f78f76d-ab7e-4553-9535-93b113150f20
74abd92d-24f1-417a-93f1-3223193fa2dc,6fe71c72-7796-466a-acbf-aa1c93f1a123
6bda58d4-5828-4ea7-8ddd-ea1238b25256,9a00a819-d1f5-49a3-85b6-b1d9a97ef9ed
e1ab3a27-a9b2-4358-a3fe-80ec48358847,9a00a819-d1f5-49a3-85b6-b1d9a97ef9ed
a29b0d1e-3e3c-4cbf-8ca3-088730280803,8ee74e3f-5998-4ec8-a038-4896c2234951
4275ea16-75bb-4cba-85a0-683229eb998e,4f78f76d-ab7e-4553-9535-93b113150f20
36e5be51-2eef-4dc1-9004-9d55bc6cecaf,4f78f76d-ab7e-4553-9535-93b113150f20
20a7e86d-3a25-49b7-969a-b0fd468f9e68,fbd9e263-1932-4b18-be01-a1682bb15087
61e02158-75d2-4c72-9c9d-a367ad6a7f97,9a00a819-d1f5-49a3-85b6-b1d9a97ef9ed
3eb36803-ddea-430b-a28a-0376e8542b41,6fe71c72-7796-466a-acbf-aa1c93f1a123
448de0b1-c65e-4414-8bc0-4986c40b91a9,4f78f76d-ab7e-4553-9535-93b113150f20
420c8124-2411-4e43-ae6a-234ba37512bb,6fe71c72-7796-466a-acbf-aa1c93f1a123
77dcba13-559c-4a22-b738-92a381879bed,af95ccc0-6ddb-4b10-82b2-4de8dabfcc46
65017510-c38b-454b-9327-83d362b4c07c,af95ccc0-6ddb-4b10-82b2-4de8dabfcc46
662a41ee-9472-4d15-bb5f-08d43f70057e,af95ccc0-6ddb-4b10-82b2-4de8dabfcc46
dcfac5d8-dd0c-4a77-9ae5-a83397aa940b,af95ccc0-6ddb-4b10-82b2-4de8dabfcc46
bc3542bf-dcf4-453b-a3b9-5c4662b90de0,9a00a819-d1f5-49a3-85b6-b1d9a97ef9ed
e159b8cf-48f5-40fc-bc81-717b7a4d0c8e,33cd8255-6371-4baf-9888-555973935748
61df28c1-5dde-416d-b695-c6c8ebd4f8f0,af95ccc0-6ddb-4b10-82b2-4de8dabfcc46
3e0858da-2af0-4200-82ba-2dd57c86b0f2,9a00a819-d1f5-49a3-85b6-b1d9a97ef9ed
e6a146a4-d926-454d-ba24-e7e275ea1226,4f78f76d-ab7e-4553-9535-93b113150f20
6f81fd7a-3351-4a44-bd7b-f519f2bda134,6f1ecaa5-fac0-4111-ac77-a717940c788d
