product_id,name_id,vendor_id
09d44732-6be6-4e44-bef3-dfd73f03c3db,f119e3cc-1b27-49f3-b34c-dfb1b3e8616f,c0cd08f9-543f-4e22-9284-aa3836d7dbc0
305ec222-570d-481f-9e79-9fd58a5a39e4,795523f5-7252-47d7-8fde-d77a1afbc982,2b4a47e4-c92b-4292-bb2c-e93033b541ac
5e649564-4e5d-4368-b6e3-548ab635ae8c,54ace3c3-5d36-41cb-acdc-42d7becc11df,c0cd08f9-543f-4e22-9284-aa3836d7dbc0
b494e915-fbce-4360-82a1-16bb9410c45d,5295a604-994b-4790-92a1-bee1527e238a,64e97512-7b6f-4f2b-99b9-28da1e15d08c
507c4aab-f92e-45d8-a9f1-34f192ee410e,457afa11-c981-4960-9052-4273d3ca049f,f72c4b11-a272-4e65-8682-d21092f8c22b
8f19a10f-935f-4b3c-b56c-39c1a4c106bb,cce8557c-744f-4ef3-9420-7849105b751e,c0cd08f9-543f-4e22-9284-aa3836d7dbc0
92214bfc-09de-48de-8304-6fe18c85b345,47cbef3a-90cf-46bc-8a4e-a93bcf2fb025,f72c4b11-a272-4e65-8682-d21092f8c22b
0f8b7023-75c7-46cc-a1ba-67c3ddb36be4,45f79649-b536-477e-80da-b511c14ff0c8,c0cd08f9-543f-4e22-9284-aa3836d7dbc0
7693e69a-58b9-4a90-83aa-ff905ffea752,61e02158-75d2-4c72-9c9d-a367ad6a7f97,1100b168-47a0-4450-9f9c-2defe33a8717
308fdb56-2367-4121-a903-b1b69c9bf03a,6af36347-3fde-4d3f-bd46-63eb5cdfee64,64e97512-7b6f-4f2b-99b9-28da1e15d08c
385fdf00-d44d-4075-b307-dbd720d8b968,1520a4e0-cdc4-4869-92df-6a9bd53b8b25,f73cbf32-c9ba-4b4f-8fe9-5ba27dbfc666
9f0c5873-6021-4555-a46f-5e6a14d21a8c,d699763f-cc46-49ea-8351-bbd9d4470d91,f73cbf32-c9ba-4b4f-8fe9-5ba27dbfc666
ebeaadc7-cd5d-42f7-8a2b-7a05c62d618e,fcc0f93a-eb8d-415c-893e-db36b14d023f,f73cbf32-c9ba-4b4f-8fe9-5ba27dbfc666
7d19e6be-a703-4cbe-bd76-54e119540173,cce8557c-744f-4ef3-9420-7849105b751e,64e97512-7b6f-4f2b-99b9-28da1e15d08c
f5655f5b-578b-452b-9703-bdeae09d0337,ec7746d2-ac45-417b-90b3-c49873df4932,f73cbf32-c9ba-4b4f-8fe9-5ba27dbfc666
a4b4036f-5389-4c83-8f49-edfda82dcc94,0d8afda1-da29-40a4-bf87-1b1adc7e8af3,f72c4b11-a272-4e65-8682-d21092f8c22b
39912d6e-0c5c-4629-be46-6e644ebae09b,da6d90d7-b040-4098-b6c3-6f9b21dd7975,f72c4b11-a272-4e65-8682-d21092f8c22b
4be6d775-51ef-4219-b223-a7dfb652c325,b9422e5c-423c-4a82-9d4a-c857fb7f83d5,c0cd08f9-543f-4e22-9284-aa3836d7dbc0
a76c9629-e5e7-4f02-b7f5-1622a0726571,7f65b429-89e4-4613-928e-97d30972af53,044a7982-90ae-4bdd-93d6-66a0f25b0c49
01fd6d76-52b4-49d0-b09a-a4979d798b2b,68baff27-677f-48c9-be24-6d384e576cb9,64e97512-7b6f-4f2b-99b9-28da1e15d08c
c932d1c4-5f95-418c-a1e1-a54a50094ce7,893dba25-733d-42c9-a00c-209467b0a786,f73cbf32-c9ba-4b4f-8fe9-5ba27dbfc666
61e07e11-7057-45a6-8f1c-4dc88a8c87ef,c66dc07d-48e6-47ff-9e8a-a9b03ac81aa3,f73cbf32-c9ba-4b4f-8fe9-5ba27dbfc666
1f62c83a-aa75-457b-85cc-b1c9bd0bbb0f,6976b589-f371-4e3f-b8a1-c29a340d24eb,1100b168-47a0-4450-9f9c-2defe33a8717
680ecb18-13f4-4869-b32c-baab9e21ec59,c2b6185a-1648-488c-a266-e9b78581b594,f72c4b11-a272-4e65-8682-d21092f8c22b
e9e11926-0d21-46aa-b6ac-fef4735b3419,b63c3a2d-2c04-4d4d-af2c-4dfe5e903adb,64e97512-7b6f-4f2b-99b9-28da1e15d08c
4e942266-47a9-46ec-96e2-5ef2e451fb84,6bda58d4-5828-4ea7-8ddd-ea1238b25256,1100b168-47a0-4450-9f9c-2defe33a8717
2f45fcae-490b-4033-ab90-5d357af7ae44,cdf45e99-f146-4b34-9763-8383f1e45135,1100b168-47a0-4450-9f9c-2defe33a8717
628055bc-0e78-496a-b4fb-350298873090,951da35e-ba06-4d4c-8fe2-d88e14067eea,f72c4b11-a272-4e65-8682-d21092f8c22b
45ae27ed-8afe-4323-a633-dd8f71f9d2f2,43cd1e85-2de2-4dee-bb1d-96112ee92c06,fab72853-b634-4746-99be-93a1fd91f853
dacbdda2-4a50-45b0-aaa4-26a0846f2dac,fc84e321-42d0-470f-9c30-dc99156bee61,64e97512-7b6f-4f2b-99b9-28da1e15d08c
9407c389-e60e-45ad-bb9c-a8be5b3a156d,b85bd543-72f7-4f40-91f2-523cdbdb1b31,f72c4b11-a272-4e65-8682-d21092f8c22b
c6da0792-de1c-40a8-91c6-18c752fbd1e5,9ba0e64c-f011-4874-8239-0a21d95de6b5,64e97512-7b6f-4f2b-99b9-28da1e15d08c
0faa9946-052e-4081-a7e2-22256bb6ce49,5c4d58ce-fdb5-4a52-97d8-a64aec0d6274,c0cd08f9-543f-4e22-9284-aa3836d7dbc0
ae7df70c-8ac0-4fa8-960c-4dc67ebf2a2b,859d2fac-1f28-4eae-b763-aadf89eda893,f72c4b11-a272-4e65-8682-d21092f8c22b
84f11416-4d6b-4d50-9a14-7c15e6199511,1d9d0eaf-8a19-4ee3-a47c-b90d3b1a66c8,f72c4b11-a272-4e65-8682-d21092f8c22b
bdebbed8-90c9-49cb-acc9-ba84f3349d55,1ace5832-fb04-428b-9fb4-dd6f4a85c55c,f73cbf32-c9ba-4b4f-8fe9-5ba27dbfc666
5e6a37ab-25fe-43ff-9339-cd4128d64019,6d441d52-893a-47f0-8670-bb43f88b8a33,f73cbf32-c9ba-4b4f-8fe9-5ba27dbfc666
9fe4aef6-f00b-497e-bcd3-1b9fa8842d98,bd529edb-78ce-42cc-8c39-79dbd8c82b05,64e97512-7b6f-4f2b-99b9-28da1e15d08c
b5e8f810-bb1f-4395-847e-3ee3abc4d1ef,83d0ef35-ef1a-452b-bd33-4f451bdda90c,f72c4b11-a272-4e65-8682-d21092f8c22b
dc6c2e8e-ee13-4b28-8585-dbd4fa09895f,fa77872d-d892-45de-badf-d942a2843b26,1100b168-47a0-4450-9f9c-2defe33a8717
cab09734-fb46-40ed-aedd-ec69e3866190,b63e795b-408c-47bb-8c72-04624bb84bd5,83a1579c-7195-4f92-864f-33b68491c616
fb0d495e-e2fe-4fbf-972b-af2d553c0673,22c3b50a-4f53-410b-bbe1-b7cfc39b5133,f72c4b11-a272-4e65-8682-d21092f8c22b
3f1bf014-1159-4762-a43a-9b47dbab15d3,5871e8a7-5ceb-440b-8271-5ad758e854ea,f72c4b11-a272-4e65-8682-d21092f8c22b
a2a05b14-70aa-4e72-9026-ca25bcb0fbfa,99f38aa8-961a-4b9b-8d94-1cb7d2f2ba9b,f72c4b11-a272-4e65-8682-d21092f8c22b
dbd794af-d7a3-4d27-b779-96b9d6275b67,5a891b3a-c181-46f0-86c0-ea465e325749,f72c4b11-a272-4e65-8682-d21092f8c22b
39fd7f42-50c5-4305-9729-9c1edb33b304,e314533d-2ac4-47ce-90bd-a881cdfd91c2,f72c4b11-a272-4e65-8682-d21092f8c22b
29a43441-62c8-4731-82e4-9e4f94431f0b,10f58789-da1c-45d6-bd4c-9688dc9a371a,83a1579c-7195-4f92-864f-33b68491c616
7e9ff480-49ba-4697-b4c0-0535e1c38cfd,b7d2cfe8-7bf3-447c-82d7-0b5d7f0a38e1,eaf9cee4-958f-41ac-a8e1-d44856ae8d4f
565166b5-83f4-4776-bd5e-fb3412288575,391e6784-d12f-49de-80ff-030596bce889,f72c4b11-a272-4e65-8682-d21092f8c22b
905dcc6d-b2ac-46d6-9ea8-44d2c0bf6172,7ae2fecc-ff6c-4048-a183-fe2ce28d2935,33443acc-e645-4690-b68b-44b90b89988a
84204980-a42d-4fb1-bdba-63048eae770b,61ddab1b-ccd4-4b57-96eb-ccb7c6d270d1,f72c4b11-a272-4e65-8682-d21092f8c22b
d205f85b-4103-41fb-a990-aef4944c1a87,859d2fac-1f28-4eae-b763-aadf89eda893,f72c4b11-a272-4e65-8682-d21092f8c22b
8282cb8c-6ed0-494b-93a8-696e0995a272,e159b8cf-48f5-40fc-bc81-717b7a4d0c8e,c0cd08f9-543f-4e22-9284-aa3836d7dbc0
04e38c95-8efa-44b8-bfaf-70cf81ea35b6,ca41a95f-16fa-4373-922f-510e4b702d47,f72c4b11-a272-4e65-8682-d21092f8c22b
eb4c7c97-7f01-4cb3-933c-08b7f7137ba9,381b78bd-a8ad-459b-b1c3-5c28bfe47d7a,64e97512-7b6f-4f2b-99b9-28da1e15d08c
c8994d89-217c-426d-b088-74c71ed2a72e,152dafaa-770d-4e80-84da-dfb7af397ef3,f72c4b11-a272-4e65-8682-d21092f8c22b
9ef10302-dd1b-4aaa-a527-a27a94aca903,cbd87922-c97e-4706-bec4-ad18ed835e00,1100b168-47a0-4450-9f9c-2defe33a8717
25893142-13b1-46a8-bd21-dd4f4f4b4e58,cdbfae2d-d06f-4150-a3e3-0677f2a8e6bb,f72c4b11-a272-4e65-8682-d21092f8c22b
8596a9a4-3acd-4a23-ad1a-b73fceb1f7c0,11c9f6de-c451-4167-b861-09618c82e05c,1100b168-47a0-4450-9f9c-2defe33a8717
61e17d97-f770-4085-80d0-fc9a104646b6,f482fc23-9f7f-4d0a-a84e-6fa4244a76ce,c0cd08f9-543f-4e22-9284-aa3836d7dbc0
266c5df5-02d8-46ad-a7b6-923ddd7b87d1,5c4d58ce-fdb5-4a52-97d8-a64aec0d6274,c0cd08f9-543f-4e22-9284-aa3836d7dbc0
33744dcc-c19d-42b4-87fe-61ef75b006ee,8f5a6cff-c3ff-4489-af40-88e24ab17c50,f73cbf32-c9ba-4b4f-8fe9-5ba27dbfc666
ab223cc1-7c1a-429a-ac36-8ab7f2888f62,f482fc23-9f7f-4d0a-a84e-6fa4244a76ce,c0cd08f9-543f-4e22-9284-aa3836d7dbc0
d96b2791-3249-458d-99ce-5009744af8c9,1cdf294d-65d1-4681-9e93-9b55510a0c4b,f72c4b11-a272-4e65-8682-d21092f8c22b
e1b3b5f3-b97e-4461-9e17-13523d28303d,70deec03-ab8d-49e1-99c3-324b9339e401,1100b168-47a0-4450-9f9c-2defe33a8717
5c79b029-e676-407e-afe4-3a88f9f3d9e2,9651d3b2-62ad-487a-8ca9-6bb2650a3079,f72c4b11-a272-4e65-8682-d21092f8c22b
1411783c-662e-4cdd-98c1-e75fe866ac1b,fe00ec50-affe-41d9-8bd5-511458ccc1ec,f72c4b11-a272-4e65-8682-d21092f8c22b
3a9c923b-9cad-418f-88db-2371f312bed2,7ef20685-bea8-4849-98fb-60887cd14044,1100b168-47a0-4450-9f9c-2defe33a8717
0f30bca5-a583-4ec1-b0a6-ce7432b32e86,ecbcb86a-8db6-4792-8d36-6467157aa225,044a7982-90ae-4bdd-93d6-66a0f25b0c49
e51ab503-f460-46fa-9aa1-06edc6b899d6,3c9a4079-1161-4e52-a1f3-e7682698e91d,f72c4b11-a272-4e65-8682-d21092f8c22b
120b2872-8a00-4e49-8370-99c66e83a340,28dfc969-67e8-4f99-845a-32926ba7813e,64e97512-7b6f-4f2b-99b9-28da1e15d08c
7541af5b-fe1e-45f3-b545-5d8ce0d79d53,558295d6-b759-499c-a7f5-3e7479710229,eaf9cee4-958f-41ac-a8e1-d44856ae8d4f
71e92fdc-5fe4-44c4-b001-65a77b7c24c9,5c4d58ce-fdb5-4a52-97d8-a64aec0d6274,c0cd08f9-543f-4e22-9284-aa3836d7dbc0
6de91b69-ed97-4b8d-afa1-94921d05653f,c5dcd7b9-235e-40ab-b3eb-9932fe8b9847,1100b168-47a0-4450-9f9c-2defe33a8717
018ba8f9-dbe7-4cbb-a930-3fd43bc5d689,85dc2f13-2813-4538-9463-b287f58ba324,f72c4b11-a272-4e65-8682-d21092f8c22b
9e276e5b-9064-4cdf-8ea2-5ff6b3affc1e,8f8370bc-64ec-4d2f-8263-608b416a0946,1100b168-47a0-4450-9f9c-2defe33a8717
58afc422-cacc-41c8-9897-55d53311ee7b,47cbef3a-90cf-46bc-8a4e-a93bcf2fb025,f72c4b11-a272-4e65-8682-d21092f8c22b
7e7a87b8-d514-461a-a29d-12e9b5aa6471,7a6f8d4b-205c-4d93-b9d5-0019245ed421,044a7982-90ae-4bdd-93d6-66a0f25b0c49
f4475149-cfbe-470e-9b5c-296c9076b447,6210f2ff-1015-448d-9d04-060e405de88b,f72c4b11-a272-4e65-8682-d21092f8c22b
58875699-b4fd-409f-b1d9-3e70566696ab,4e587317-a99d-4751-98f0-9de8906779a7,64e97512-7b6f-4f2b-99b9-28da1e15d08c
ecdd7607-8c24-4128-8654-756aaae1595e,7ea192f9-5692-4330-a2fb-39e7d1137655,c0cd08f9-543f-4e22-9284-aa3836d7dbc0
588eda64-5b8b-4e63-9546-2de78c524e0a,f0d43ffc-953a-4323-a1dc-071faf643c4f,64e97512-7b6f-4f2b-99b9-28da1e15d08c
cc0ada90-ca72-49c2-a059-5fa20b5e3408,32c9a573-7765-4ea8-acb6-7d0325caf210,f72c4b11-a272-4e65-8682-d21092f8c22b
ace35573-876d-4e62-9b88-9fa355eabc2a,fc6ca091-f2e9-4a65-9637-f4892717a823,f72c4b11-a272-4e65-8682-d21092f8c22b
9b002a65-226c-4714-9410-f4aba5fb9afa,ba4aa3eb-9aeb-4d07-9e55-674d020ab495,64e97512-7b6f-4f2b-99b9-28da1e15d08c
2b58383e-6105-4767-a582-df7ac6048578,951da35e-ba06-4d4c-8fe2-d88e14067eea,64e97512-7b6f-4f2b-99b9-28da1e15d08c
d12768be-0765-4414-b1fc-34bb1db63a19,8b2aba2c-a7a9-4c0f-a3f9-17464e6c31b5,c0cd08f9-543f-4e22-9284-aa3836d7dbc0
6d75b22c-95aa-455b-aebb-4862be6facac,9215866f-2c88-440a-8d2a-26f121041be2,64e97512-7b6f-4f2b-99b9-28da1e15d08c
799499d4-60d8-4586-9e0c-1952f0258050,20a7e86d-3a25-49b7-969a-b0fd468f9e68,f72c4b11-a272-4e65-8682-d21092f8c22b
e8a4272c-b649-4358-961a-5d1390264772,7ea192f9-5692-4330-a2fb-39e7d1137655,c0cd08f9-543f-4e22-9284-aa3836d7dbc0
06d0853c-31c4-4be3-96cd-0358db5b94ea,f2d433c7-a100-425a-874c-aaac3ba0f5e5,f72c4b11-a272-4e65-8682-d21092f8c22b
cba86e3c-f891-4242-aab9-3bf9f8598b8f,288c84ec-8632-4797-a314-54e10535fab3,f72c4b11-a272-4e65-8682-d21092f8c22b
66e0cccf-6653-4e24-b0ac-22dd67846b03,7148288f-aa39-4eba-96ab-a7a8c8b18c4d,f72c4b11-a272-4e65-8682-d21092f8c22b
48bd39d4-aabd-4661-a978-20db02d0133d,72a8a88f-5fe4-4f59-bf32-54c793d5ed1c,1100b168-47a0-4450-9f9c-2defe33a8717
59645ac5-c8f3-4ec1-b7d1-ccb49f17a8d4,7581974b-5396-49cc-90a1-7d298faeab05,1100b168-47a0-4450-9f9c-2defe33a8717
50a48ab3-16db-4a8f-aec8-21da032772b8,9496fe6b-59c2-4eab-8dde-2420f8905d43,64e97512-7b6f-4f2b-99b9-28da1e15d08c
4ad68bc6-7cc0-4213-812a-228ccf649690,db5fb1d9-226a-4823-a2fa-1d26557a4df3,1100b168-47a0-4450-9f9c-2defe33a8717
ea0b54a4-db78-4e11-9387-38b5cb285d99,76776c76-855b-4843-a0ba-e9ff907cff87,64e97512-7b6f-4f2b-99b9-28da1e15d08c
0985dd36-48ea-4683-9e00-511e2d0c6005,5c4d58ce-fdb5-4a52-97d8-a64aec0d6274,c0cd08f9-543f-4e22-9284-aa3836d7dbc0
7e089c66-517c-4321-b6c1-67ac1b1821c1,573c1244-7d40-4dc5-9fb1-fcc816ec97e3,1100b168-47a0-4450-9f9c-2defe33a8717
b0e1f924-c489-4cb2-a485-4f1abdfffc5f,620c9eaf-5680-4fa0-8ea8-1cd895c5154e,c0cd08f9-543f-4e22-9284-aa3836d7dbc0
41a15efb-eb44-422f-8e90-b5674ed28bc4,6aa74448-e7ae-40d8-b25c-a534b0131e0d,c0cd08f9-543f-4e22-9284-aa3836d7dbc0
4acf0bd8-15b2-4e3d-959e-ef3a53fcccd5,06ddcb9b-5466-4c50-b84a-354be64d313a,c0cd08f9-543f-4e22-9284-aa3836d7dbc0
d0a8fb50-c699-46ea-8d46-7f31eef850a9,4a72adc2-a2a2-41e7-8839-8101318cb776,1100b168-47a0-4450-9f9c-2defe33a8717
041318fe-4e33-45ab-b791-ed14844999ca,c66c4084-dc64-43b5-a6bd-3d1594d56454,c0cd08f9-543f-4e22-9284-aa3836d7dbc0
5cf78cf9-07fc-4c1c-b47b-a10419a480bb,f482fc23-9f7f-4d0a-a84e-6fa4244a76ce,c0cd08f9-543f-4e22-9284-aa3836d7dbc0
c43a4437-d5e2-49ba-8203-27e3a820acab,ede96f5b-a208-4d1f-b6d1-ba5d1f349aca,f72c4b11-a272-4e65-8682-d21092f8c22b
addeed11-a56f-4c86-acb6-218d2f5e96f1,04966013-b402-4496-a5a3-9abd6d7b6c41,f72c4b11-a272-4e65-8682-d21092f8c22b
8a00e7d4-a79f-4ef6-bd5d-65ab97a83120,9215866f-2c88-440a-8d2a-26f121041be2,64e97512-7b6f-4f2b-99b9-28da1e15d08c
79b4a46c-2056-4479-9069-45f33a2b8243,53485afa-758c-4c5e-8a2e-a293000a6230,83a1579c-7195-4f92-864f-33b68491c616
6a0985ca-f62c-4b88-a162-54da08024de4,5c4d58ce-fdb5-4a52-97d8-a64aec0d6274,c0cd08f9-543f-4e22-9284-aa3836d7dbc0
ff3e7720-1833-4f28-b79c-f6061317f674,58f635cc-fbef-45a2-b256-a08e61a82b44,f73cbf32-c9ba-4b4f-8fe9-5ba27dbfc666
d82a47fd-b307-4852-8191-55ebdb5a4849,d539a752-3cab-41cd-b7d6-48120017d4f0,1100b168-47a0-4450-9f9c-2defe33a8717
5d743c3f-07c0-4df5-90e9-2289cda745cb,91091def-d581-4417-a52c-ddac5b909af1,1100b168-47a0-4450-9f9c-2defe33a8717
d95b5e92-1410-4eb7-8b94-34e35a7765f3,ec63165d-1949-44f4-9e92-b407292b04fb,f72c4b11-a272-4e65-8682-d21092f8c22b
68f2ab05-0430-42b9-abf4-e84503b79937,c20cd567-e2db-47a9-a8fc-6ef5ac592451,33443acc-e645-4690-b68b-44b90b89988a
0837da72-dbb6-4482-902b-7c55ea5a21b0,67c39b52-d4de-43c8-8313-f17980d3d702,64e97512-7b6f-4f2b-99b9-28da1e15d08c
c4e91b91-f9e6-4f7c-b4f7-e56d3072189b,d8b745bf-490c-4e41-ad33-4b8dce9f226c,f72c4b11-a272-4e65-8682-d21092f8c22b
e53eb91d-555d-45b5-831f-64c98d59a517,22d28440-fa45-428a-84a2-9918b559de72,f72c4b11-a272-4e65-8682-d21092f8c22b
bc08bf45-5b99-48fa-a97a-b89bd82d78c5,b4eb53e8-3c9b-4089-8248-da778391e6ef,f72c4b11-a272-4e65-8682-d21092f8c22b
81694f06-7a18-4d76-a606-528c35fdf52a,166f2789-0588-4c62-a6e2-08b316df887c,f72c4b11-a272-4e65-8682-d21092f8c22b
1d29d69a-ed39-4b72-b7c9-391760833221,10f58789-da1c-45d6-bd4c-9688dc9a371a,044a7982-90ae-4bdd-93d6-66a0f25b0c49
a7256840-4167-48b9-b86d-0796d42f2d24,d7600f72-e6ca-40e6-9653-2eae1eed44d2,f72c4b11-a272-4e65-8682-d21092f8c22b
995d8d5f-04de-47eb-a4ba-e1527a3dfe5a,b63e795b-408c-47bb-8c72-04624bb84bd5,044a7982-90ae-4bdd-93d6-66a0f25b0c49
7bfc86d6-0c30-4636-a5b5-84faef8a47b4,6ad6d134-1ff6-4dbf-97d9-730dc839cfcf,33443acc-e645-4690-b68b-44b90b89988a
ab7e5f59-19d7-48e3-9a92-66e32b477732,c24bb22f-af66-428e-8da7-0ae8b84fe845,1100b168-47a0-4450-9f9c-2defe33a8717
65043398-7065-46b4-9b1e-309661720de4,1592862b-3d31-4561-8f66-7e157ca21def,1100b168-47a0-4450-9f9c-2defe33a8717
5b009e45-6e28-4d19-a0fc-f0cd46fb6ad5,ba4aa3eb-9aeb-4d07-9e55-674d020ab495,64e97512-7b6f-4f2b-99b9-28da1e15d08c
872289ba-c566-4ddd-ae24-34e2f9748f17,cce8557c-744f-4ef3-9420-7849105b751e,64e97512-7b6f-4f2b-99b9-28da1e15d08c
0cf5f05f-32c6-4bc5-958b-5c523a87ad07,2a39c510-ad89-4b15-b820-c8383233f53b,1100b168-47a0-4450-9f9c-2defe33a8717
29898d39-3530-4af4-a457-f146821af33b,5c66cb4b-1b65-43a2-88ce-9662856cd964,f72c4b11-a272-4e65-8682-d21092f8c22b
544e896f-a778-463b-b9f4-eb4213fed631,dfbfa71f-7d32-4708-b468-bfd4ed6189ea,f72c4b11-a272-4e65-8682-d21092f8c22b
8822f9ab-a266-48f4-9625-675481248368,8c24bd2a-7e54-4a9d-a0be-940735c30a68,c0cd08f9-543f-4e22-9284-aa3836d7dbc0
b563cc17-62e8-4693-995e-45ae5615f252,5c4d58ce-fdb5-4a52-97d8-a64aec0d6274,c0cd08f9-543f-4e22-9284-aa3836d7dbc0
c6922111-c151-4e52-8b9e-eb07e85f2744,284b3176-4e09-4e8c-b243-257f0bd0dca3,f72c4b11-a272-4e65-8682-d21092f8c22b
10b75562-2361-4f11-9a81-de6cf494f1a1,7f65b429-89e4-4613-928e-97d30972af53,044a7982-90ae-4bdd-93d6-66a0f25b0c49
4932400e-34ec-44e2-bb76-ca0a12665a0f,b5a9f489-dd9f-4708-9687-560e42661fab,83a1579c-7195-4f92-864f-33b68491c616
41467257-dcf1-491b-a88e-f1c1292b7522,72515176-6a84-4046-a005-5468d612df65,f72c4b11-a272-4e65-8682-d21092f8c22b
c381146a-d275-4220-8be6-f887e8bba338,514472c1-e68b-4752-8b3e-b555aadfd29c,eaf9cee4-958f-41ac-a8e1-d44856ae8d4f
2aef7d3b-1425-49d8-9ebb-7cd3dab81e05,c00e1e73-92c4-49bf-b46a-a0b900631a68,1100b168-47a0-4450-9f9c-2defe33a8717
17ae6f54-d480-4593-8f3f-77ac0fb041a6,5c4d58ce-fdb5-4a52-97d8-a64aec0d6274,c0cd08f9-543f-4e22-9284-aa3836d7dbc0
47d58b02-995d-44a6-bb8e-2d8217d968ab,7a6f8d4b-205c-4d93-b9d5-0019245ed421,83a1579c-7195-4f92-864f-33b68491c616
99ca900b-4adc-4dfe-ab2d-7edad9e638f2,28dfc969-67e8-4f99-845a-32926ba7813e,64e97512-7b6f-4f2b-99b9-28da1e15d08c
05f04295-fdd8-421e-b864-61fea7de96e4,64cb039d-b653-4026-a51c-ac7d577b1bff,f72c4b11-a272-4e65-8682-d21092f8c22b
b389c768-58d9-4d21-a202-9b84232c09ff,54ace3c3-5d36-41cb-acdc-42d7becc11df,c0cd08f9-543f-4e22-9284-aa3836d7dbc0
d38da70f-f249-456b-9250-06d0e43b7282,ecbcb86a-8db6-4792-8d36-6467157aa225,83a1579c-7195-4f92-864f-33b68491c616
02da43ab-a179-47db-be04-40dd70eb9736,fff4a2bb-5dfc-4030-a04b-13d537f348d1,044a7982-90ae-4bdd-93d6-66a0f25b0c49
da0168d1-18e7-4947-94b9-11a496bb0486,5c4d58ce-fdb5-4a52-97d8-a64aec0d6274,c0cd08f9-543f-4e22-9284-aa3836d7dbc0
bdf4c759-986d-4c18-8d44-8234011e07fe,db13fd75-c6b9-46f5-8da3-caf3d8c95a2a,f72c4b11-a272-4e65-8682-d21092f8c22b
ca9cfe6c-c610-4354-ac1a-33ef90f0d296,ebc0ad46-133a-4803-a98b-6e3f74e61a95,f72c4b11-a272-4e65-8682-d21092f8c22b
24bff31f-ca7e-4caf-a6b3-2fa04e85e815,0ac0226d-6b5d-4e00-90e4-8087d49eda2e,c0cd08f9-543f-4e22-9284-aa3836d7dbc0
c09f1059-3785-406f-9381-6328de9b8b0b,cc3dc907-450e-428d-a75f-fad14dc3ad1b,33443acc-e645-4690-b68b-44b90b89988a
2b12858f-7067-4d32-a6c4-788091f9e899,867edbc7-3203-4f75-ae22-fc39d4d45a06,fab72853-b634-4746-99be-93a1fd91f853
4203c484-b50c-436b-85cb-69d40f25ef41,5413b56c-8c62-4c57-bd98-8438bcca7269,f72c4b11-a272-4e65-8682-d21092f8c22b
e694da61-5964-4170-b351-700051d2ee33,9658d0fa-661e-41b0-8c1e-fbcf0e852ca3,f72c4b11-a272-4e65-8682-d21092f8c22b
b309a542-e3da-4c12-b473-62bbf0b4c2f3,3eb36803-ddea-430b-a28a-0376e8542b41,f72c4b11-a272-4e65-8682-d21092f8c22b
7e289450-7152-4b05-90ee-9b5bba847cc2,5c4d58ce-fdb5-4a52-97d8-a64aec0d6274,c0cd08f9-543f-4e22-9284-aa3836d7dbc0
15240a76-f61b-47c7-a883-05c846ac7288,ab799739-a0b7-4dd0-9439-7000f6441eff,f72c4b11-a272-4e65-8682-d21092f8c22b
ac069d68-2625-4e52-ae5c-18d987d9c694,8e6d28ea-ceb9-4ca1-89c7-d7e2bf89a360,f72c4b11-a272-4e65-8682-d21092f8c22b
ddac4961-d154-4ea2-a674-93077226da8c,5dac84ee-20e0-4ca3-8eec-733a45049d59,f72c4b11-a272-4e65-8682-d21092f8c22b
6ef3d7f6-a3b1-4124-83d5-8dad75d1ce8e,e48e7281-0847-479a-8897-242bc2b96f8f,64e97512-7b6f-4f2b-99b9-28da1e15d08c
14eaea24-6dd4-4533-bff4-e88ceef7bc36,6c55e396-44db-4a89-aa6d-61363dd6cbb6,f72c4b11-a272-4e65-8682-d21092f8c22b
ba424cb6-0cae-4323-885d-bdd61c189f12,2bc249f9-a447-47b0-ab1f-02e1852adba1,044a7982-90ae-4bdd-93d6-66a0f25b0c49
673a2c8f-8120-4f95-a32e-e50efb8232c8,fff4a2bb-5dfc-4030-a04b-13d537f348d1,044a7982-90ae-4bdd-93d6-66a0f25b0c49
b66b8f9f-aba9-4044-a291-3e951fde9bdd,f2488a97-6b3d-4804-9393-364091aa8ea1,f72c4b11-a272-4e65-8682-d21092f8c22b
855c4774-426c-4ea4-b49b-96983df36b74,4bb5f4eb-3f07-4112-8bc0-402c96eb87a6,c0cd08f9-543f-4e22-9284-aa3836d7dbc0
0956c1ed-7b47-4668-b6d7-a2734eea87d7,b63c3a2d-2c04-4d4d-af2c-4dfe5e903adb,044a7982-90ae-4bdd-93d6-66a0f25b0c49
b87d41ab-d07b-49c5-95ef-f9f30cb57b88,042ec0a8-8f02-4008-8929-064f9edf903d,1100b168-47a0-4450-9f9c-2defe33a8717
1b027e3c-5a44-4a99-a1e4-8c51974c084f,c997c12f-123f-4a79-aedd-8dffcbad9bad,f72c4b11-a272-4e65-8682-d21092f8c22b
6ae64412-6de9-4d87-9bfb-fc47e03f85b5,b937ef8a-7eae-4128-9ff1-841abf8fe2f4,1100b168-47a0-4450-9f9c-2defe33a8717
d6b7b66e-f791-48c2-971f-a4d8b213cd02,dbb62e8f-58dd-4fe0-893d-5ba37f7a0784,044a7982-90ae-4bdd-93d6-66a0f25b0c49
40ad6f9d-b040-497a-a86c-0b700f62e0fd,74abd92d-24f1-417a-93f1-3223193fa2dc,f72c4b11-a272-4e65-8682-d21092f8c22b
1291a73e-6516-42e0-be40-a3c793b32ca4,48211639-73e1-4d60-9e5f-d53c34401313,f72c4b11-a272-4e65-8682-d21092f8c22b
60b654df-56ca-414d-9503-a012ebd5e8a5,86694e6a-dfcf-4bb1-88b0-415c0e325b21,f72c4b11-a272-4e65-8682-d21092f8c22b
c72cb77d-b3c4-4ffb-953a-907a58cb17c3,2037a049-7242-4be0-8415-3215d508dc9e,1100b168-47a0-4450-9f9c-2defe33a8717
1edc7376-45c8-4855-9bed-d35c86cce01a,89287f0a-084d-4690-b546-f95320dc7c12,1100b168-47a0-4450-9f9c-2defe33a8717
72a0b6ce-2016-4b6e-b147-f42db37864ea,6345566e-1474-4b72-bb3c-cbd8aa7b3ec9,eaf9cee4-958f-41ac-a8e1-d44856ae8d4f
17a33a7e-a2f8-4578-85bc-7d7a72353b93,868c79ed-b8db-48ea-a187-c157923ab802,2b0a7e3e-3cc3-4cd0-8ba2-ebe31eeae50e
39a5a5ba-f6ff-437a-b224-851dbe6aad87,4fe58316-2602-45cf-95dc-096cd9f97749,f72c4b11-a272-4e65-8682-d21092f8c22b
16c42ad3-23b3-4bb3-af1c-7d236b546a28,f482fc23-9f7f-4d0a-a84e-6fa4244a76ce,c0cd08f9-543f-4e22-9284-aa3836d7dbc0
454aa16b-d907-4c1b-91df-cd2c00bd4ef5,db7fd340-4266-4f93-9fdb-52cdb5a2c2aa,f72c4b11-a272-4e65-8682-d21092f8c22b
b3dc9b7f-8bf9-482e-af61-35e9dad313d2,748bd8e4-5ae4-447e-9974-cb9e4aa32097,1100b168-47a0-4450-9f9c-2defe33a8717
429904c9-9437-41e5-9f2a-e207d71ba0ac,dcd935ed-b312-4a28-a0c7-30f0f2e51ef7,1100b168-47a0-4450-9f9c-2defe33a8717
934d189f-73db-41d7-bb5e-71c77cb7b053,9425f448-9b53-4a1b-acea-d6277bffce5a,1100b168-47a0-4450-9f9c-2defe33a8717
77f8ee45-0b42-4b0d-91d2-3c0e6773280f,dabcbccc-b9f5-442a-8106-adfd09da7f16,1100b168-47a0-4450-9f9c-2defe33a8717
94c7eff2-caa4-4ea1-96b5-091bd0916063,5b4f7a59-0ac6-4a5b-b929-1ed495de34c0,f72c4b11-a272-4e65-8682-d21092f8c22b
b2ef7c9b-b84f-4dfb-b7b6-0a5e4a833a2c,54ace3c3-5d36-41cb-acdc-42d7becc11df,c0cd08f9-543f-4e22-9284-aa3836d7dbc0
04e2552b-792d-4718-818d-09268cba3cfc,6445d64a-c53b-4c38-9f1d-f128c58a61c3,1100b168-47a0-4450-9f9c-2defe33a8717
40911cca-b1ab-4d16-a26b-09f9889aadfd,381b78bd-a8ad-459b-b1c3-5c28bfe47d7a,64e97512-7b6f-4f2b-99b9-28da1e15d08c
75417251-55e4-4f5a-b87f-54b3089044bb,c13f3d56-1865-421c-a7d0-efe5587ebb11,33443acc-e645-4690-b68b-44b90b89988a
4a2ea917-5cae-46e4-8f41-36af18c376e7,3ed3b11f-1bb6-4cb9-9616-1bc0bb7b5b79,33443acc-e645-4690-b68b-44b90b89988a
dbe37517-bb61-41b5-8a89-55e36bc4b9db,7749cab5-c671-4d29-8556-4f97f5b75a71,33443acc-e645-4690-b68b-44b90b89988a
3b9556c7-09d6-422a-b681-f7d68e0efed1,33830d78-e6ab-4b7d-a422-39ba4985bf0a,33443acc-e645-4690-b68b-44b90b89988a
bf5ecc7c-81ed-40fe-9cb8-6d84634ee044,53a0540a-1e5b-4b01-987a-83cfe9420704,33443acc-e645-4690-b68b-44b90b89988a
586e7ac0-e77b-43de-82f9-d199b6faa8c5,9215866f-2c88-440a-8d2a-26f121041be2,64e97512-7b6f-4f2b-99b9-28da1e15d08c
49e3d9d6-f4a9-4601-a686-e49e4d286a7b,9b4e9cfc-c164-42bd-8056-879f1dba5414,1100b168-47a0-4450-9f9c-2defe33a8717
e767cf8e-4831-4eb5-b2aa-0d129c631459,f211a932-32eb-40c9-bdc8-59ff3ebdddb0,1100b168-47a0-4450-9f9c-2defe33a8717
8e035481-1ef4-4284-a278-f462b134bd26,f014a1ab-28d0-49b9-ae7b-f60e37b0fe4a,f72c4b11-a272-4e65-8682-d21092f8c22b
374f59ed-78af-4b53-b675-bf4cf60e2f3b,718e7100-edc9-497f-978a-931c84d33fcb,eaf9cee4-958f-41ac-a8e1-d44856ae8d4f
cc9547bd-fafc-4411-842f-2ce8db9e3a7b,94c94120-edc3-4ba0-8fc0-4eb856da54ba,044a7982-90ae-4bdd-93d6-66a0f25b0c49
39ae5e36-399b-4cda-938f-b9f2e08f3d46,1592862b-3d31-4561-8f66-7e157ca21def,1100b168-47a0-4450-9f9c-2defe33a8717
72aa2cc8-63bd-43b0-a138-dc3e01e8e12e,a4e0cb3d-36d5-4dd3-80c1-da8b376a54cd,1100b168-47a0-4450-9f9c-2defe33a8717
3a8d3ac5-2c4c-4e07-8778-dae8fe689dd3,f482fc23-9f7f-4d0a-a84e-6fa4244a76ce,c0cd08f9-543f-4e22-9284-aa3836d7dbc0
e1b4d0d1-dc2d-4100-91f0-ed01f7ec7f82,f2d433c7-a100-425a-874c-aaac3ba0f5e5,f72c4b11-a272-4e65-8682-d21092f8c22b
080680c6-82a1-491e-911f-b4c2f10f56cf,9ba0e64c-f011-4874-8239-0a21d95de6b5,64e97512-7b6f-4f2b-99b9-28da1e15d08c
807f7202-d0bb-4aee-b7e5-b985056a765e,ba4aa3eb-9aeb-4d07-9e55-674d020ab495,64e97512-7b6f-4f2b-99b9-28da1e15d08c
c9dd3ce1-b36b-48b9-927c-82179d56b543,f73999b4-4632-470e-95ae-cfde7d270324,33443acc-e645-4690-b68b-44b90b89988a
e797de79-86e4-45a8-b433-07340725cd46,54ab1578-4a55-41b3-b4c8-1af4ca7df369,f72c4b11-a272-4e65-8682-d21092f8c22b
b9aa63de-1233-4cda-9ad7-ce17269d45d8,67c39b52-d4de-43c8-8313-f17980d3d702,64e97512-7b6f-4f2b-99b9-28da1e15d08c
d9c59e9f-56db-4d95-a66a-337734872495,28dfc969-67e8-4f99-845a-32926ba7813e,64e97512-7b6f-4f2b-99b9-28da1e15d08c
039952b9-fff2-4d4b-a8aa-4fa2adebece9,210afa44-0fc0-49aa-9c6f-74988b8f0275,c0cd08f9-543f-4e22-9284-aa3836d7dbc0
388b38cf-38eb-43af-b3d5-da09f8ef55a6,94dfb3a9-1483-48ab-b614-bad6fcc81ccb,f72c4b11-a272-4e65-8682-d21092f8c22b
9b4f9a11-d013-4999-9afa-72a5fec81c83,0a2bf88d-b1c4-43bf-b2d5-e1fa3aeb5eff,044a7982-90ae-4bdd-93d6-66a0f25b0c49
8e92361a-d5be-4cd8-82cb-afb45d1375a0,53485afa-758c-4c5e-8a2e-a293000a6230,fa2f3c30-c220-4fe5-863e-98376d71712f
f47f3491-f8fa-4f74-9efd-699d4727d163,54ace3c3-5d36-41cb-acdc-42d7becc11df,c0cd08f9-543f-4e22-9284-aa3836d7dbc0
7028c4d8-6e6c-4c38-bae9-695387a28c0b,317d1c73-85ca-4bd1-bf25-95adc6f1668c,f72c4b11-a272-4e65-8682-d21092f8c22b
eee26913-730d-4694-adfc-8ddd691dd1e7,448de0b1-c65e-4414-8bc0-4986c40b91a9,1100b168-47a0-4450-9f9c-2defe33a8717
6315200b-ff3c-465f-a568-b4cb38148da8,6e6efd89-2a09-4a25-88e0-2423d62a1681,f72c4b11-a272-4e65-8682-d21092f8c22b
af4815fd-306c-4aa4-a36e-2bdf59268970,e1ab3a27-a9b2-4358-a3fe-80ec48358847,1100b168-47a0-4450-9f9c-2defe33a8717
6f9166f8-6939-4fe3-b86f-3cbbb01dd643,0735356b-63aa-4ba0-8fd5-fe9d70e3553b,f72c4b11-a272-4e65-8682-d21092f8c22b
ca79a350-4b19-4d5c-8a5f-ff49f33e3d80,b29ff7fa-2833-4e30-bb56-d586fe9ebe3a,f72c4b11-a272-4e65-8682-d21092f8c22b
b56c4178-343d-461e-851d-34cc413fd60d,92444825-9012-4f49-89b4-cff146b40901,1100b168-47a0-4450-9f9c-2defe33a8717
8a559bc2-e7e8-4600-a346-6232407dc5a0,8c1bf7ba-ad1d-495e-a32c-c2030e2f3997,f72c4b11-a272-4e65-8682-d21092f8c22b
728f459b-5c03-43fd-b8f2-9aff8d8802b1,8aad0942-1eed-4aee-9c01-7f3a1dcb4a22,044a7982-90ae-4bdd-93d6-66a0f25b0c49
12f3ec34-d10a-447f-af2d-839aa559408d,2d3e30b6-f3ab-433d-89b3-13cbf325f649,f72c4b11-a272-4e65-8682-d21092f8c22b
fb7a3e6d-cecd-460c-ab0a-edbae8fa3db6,633a452f-990f-40a4-bc20-45890e607649,1100b168-47a0-4450-9f9c-2defe33a8717
0aa2c95a-3cea-44da-8a5a-4a1531f69f29,8b114949-ec52-4c3a-8176-155d16955792,f72c4b11-a272-4e65-8682-d21092f8c22b
2afe5762-3f4c-4d98-8339-8268ff4f7834,b5a9f489-dd9f-4708-9687-560e42661fab,044a7982-90ae-4bdd-93d6-66a0f25b0c49
deb250dd-2173-4e06-8f82-d926d2a39ef4,65017510-c38b-454b-9327-83d362b4c07c,f72c4b11-a272-4e65-8682-d21092f8c22b
a8e3771c-99c6-44db-8228-ce3abcf75119,53485afa-758c-4c5e-8a2e-a293000a6230,044a7982-90ae-4bdd-93d6-66a0f25b0c49
44c0d12e-3e1d-4c43-9fc3-09742bbe86c8,e80aaaaa-dda5-459b-8bac-1022c39796eb,f72c4b11-a272-4e65-8682-d21092f8c22b
e334b156-a128-44a6-b60d-d602a4513187,d917525d-2d24-4efe-8776-76c67d90781d,f72c4b11-a272-4e65-8682-d21092f8c22b
1680d07e-8124-4a72-9a50-09b8453ac23c,28b33fc7-8663-43ee-80d5-bf82df492651,f72c4b11-a272-4e65-8682-d21092f8c22b
c4b79ba1-a11d-4aee-b19a-db04c114921e,d8d32215-ad09-491d-bb5e-448d78741166,f73cbf32-c9ba-4b4f-8fe9-5ba27dbfc666
972dc864-82f5-476b-ad37-cc24ac3ebf20,54ace3c3-5d36-41cb-acdc-42d7becc11df,c0cd08f9-543f-4e22-9284-aa3836d7dbc0
05de7d5c-b249-4170-80f4-91a410ae65e3,7ea192f9-5692-4330-a2fb-39e7d1137655,c0cd08f9-543f-4e22-9284-aa3836d7dbc0
cf29fcea-26cd-4f39-bdb7-fb2caf651a87,210afa44-0fc0-49aa-9c6f-74988b8f0275,c0cd08f9-543f-4e22-9284-aa3836d7dbc0
4a1de2ab-7af1-455f-b34c-13bea78dc90b,72b329b1-4608-4db8-bfe9-b49c5306d38e,c0cd08f9-543f-4e22-9284-aa3836d7dbc0
7cf2df5a-3bc2-4fb5-8aa3-72bc22ab326b,7173e05d-bed1-4d0e-be73-34fd04430234,044a7982-90ae-4bdd-93d6-66a0f25b0c49
9464187c-a289-4dfd-886c-3b7a40debcf9,53485afa-758c-4c5e-8a2e-a293000a6230,fa2f3c30-c220-4fe5-863e-98376d71712f
1750583f-f513-4f47-b7c4-6383b2b88ccd,72b329b1-4608-4db8-bfe9-b49c5306d38e,c0cd08f9-543f-4e22-9284-aa3836d7dbc0
d7e5977c-dd50-4568-b2fd-d1599b59b0c6,e901a0c4-766d-4c24-89de-ad895d40dc75,f72c4b11-a272-4e65-8682-d21092f8c22b
adea8b3a-526c-41e0-ae4a-24c1a43c5133,c6b9c7a2-392a-4bf5-b8c2-9c895cd4c5b1,f72c4b11-a272-4e65-8682-d21092f8c22b
6f54faa9-bbbe-47e0-bec8-789611197208,36e5be51-2eef-4dc1-9004-9d55bc6cecaf,1100b168-47a0-4450-9f9c-2defe33a8717
70ee90af-a83e-46c7-a178-c6e78202235e,1758d702-076a-4b42-939e-3a117f7e30d0,f72c4b11-a272-4e65-8682-d21092f8c22b
149bc555-df04-4da4-b6cc-5bbc5bd4e248,31d81e57-3c88-44f6-bf4f-8b008a5ca0b4,f72c4b11-a272-4e65-8682-d21092f8c22b
5027e4ff-3aeb-4a6b-ad5a-7a125b75a98d,2be83c57-2eb9-4aa4-8856-5031f4ea56f0,044a7982-90ae-4bdd-93d6-66a0f25b0c49
e3ce105c-af26-49d8-abe9-d86c343d17da,dbd3c46b-760a-4057-8110-f803af3685f0,1100b168-47a0-4450-9f9c-2defe33a8717
8248b106-0fda-4a5d-b3df-6cf5ef8fe8bb,ec7746d2-ac45-417b-90b3-c49873df4932,f73cbf32-c9ba-4b4f-8fe9-5ba27dbfc666
71a57024-c111-4ba0-9328-8639c6a76b68,0fb6b664-9b1d-4fe3-9656-a55b755c879e,044a7982-90ae-4bdd-93d6-66a0f25b0c49
f37b0158-148f-4185-bde3-39f869031794,f1b83ab6-833b-425d-9e77-a2a50a2a3e84,f72c4b11-a272-4e65-8682-d21092f8c22b
7af7c574-12e0-4d0e-a030-2721d28271a7,5c4d58ce-fdb5-4a52-97d8-a64aec0d6274,c0cd08f9-543f-4e22-9284-aa3836d7dbc0
f71ef9df-e810-4060-8a8b-28abced9f216,b87d3fc2-c839-4a7f-a724-bdf17976dd5a,f72c4b11-a272-4e65-8682-d21092f8c22b
edd05ccf-ec10-432e-9007-401c2e03fd17,ee885525-0248-424e-b8b2-806984106e16,044a7982-90ae-4bdd-93d6-66a0f25b0c49
1b6226c0-2d4c-4024-88f0-3b9ed8161d3c,e2f1e804-2c6f-4253-8041-98f410e103fc,f72c4b11-a272-4e65-8682-d21092f8c22b
a764cd7a-6a3e-4b2a-ba36-21e7ca0c6cac,42772e34-8292-4ce8-84a1-0d587c44b401,1100b168-47a0-4450-9f9c-2defe33a8717
699d4920-b30c-4b0e-8f50-e194b0eaa27f,d6543983-886b-4f60-aae8-508c99937951,f72c4b11-a272-4e65-8682-d21092f8c22b
e8c5492c-0885-4e7e-a6bb-5ed1438bd5c2,851b6ad1-b57d-4ae1-80fe-d9468415d034,f72c4b11-a272-4e65-8682-d21092f8c22b
399a6b62-aa3f-4c34-b825-60965931e676,d293e84e-2ca5-4328-acdc-29be67e47dd2,044a7982-90ae-4bdd-93d6-66a0f25b0c49
f33f73ff-7e65-477e-8789-352e3680330d,9016ae31-a33b-4741-be21-fd7d0eca04d4,f72c4b11-a272-4e65-8682-d21092f8c22b
0846ae6d-f0aa-42e4-901c-55e14b6e5b2f,f6ed79f7-6ec8-4535-8a37-20b3ee944fbc,f72c4b11-a272-4e65-8682-d21092f8c22b
cb633404-f2c3-4b24-bb6c-084758a84afd,dbd3c46b-760a-4057-8110-f803af3685f0,1100b168-47a0-4450-9f9c-2defe33a8717
96e69db3-f364-4be2-81ac-996e2352d587,95f4e6ec-c49d-486f-8182-4b9bb21bd521,c0cd08f9-543f-4e22-9284-aa3836d7dbc0
34eb170f-38e9-4fe0-9663-057adbfcef19,54ace3c3-5d36-41cb-acdc-42d7becc11df,c0cd08f9-543f-4e22-9284-aa3836d7dbc0
a6b04bbf-9f5f-49ba-9d6b-58fb5ec1d36f,c66c4084-dc64-43b5-a6bd-3d1594d56454,c0cd08f9-543f-4e22-9284-aa3836d7dbc0
fdc0f9a4-3035-4ad1-bf00-f5db56195902,f0d43ffc-953a-4323-a1dc-071faf643c4f,64e97512-7b6f-4f2b-99b9-28da1e15d08c
52294c5b-8c9b-4584-bbf0-42f5db450ec7,68baff27-677f-48c9-be24-6d384e576cb9,64e97512-7b6f-4f2b-99b9-28da1e15d08c
e083c799-a062-4dc5-bfa3-8b0c5a797ae1,0d359237-cbfa-4521-bb9d-b37e522dafad,64e97512-7b6f-4f2b-99b9-28da1e15d08c
ca691a8e-b851-4845-b621-b16065a56c6d,5c4d58ce-fdb5-4a52-97d8-a64aec0d6274,c0cd08f9-543f-4e22-9284-aa3836d7dbc0
65f6a289-50a3-4531-b79e-d82d8f329ac6,3fb1afcc-e879-4c93-9e52-a395e2127366,c0cd08f9-543f-4e22-9284-aa3836d7dbc0
2b83aa87-8828-4b97-baac-82e156bddd45,0aaf373a-b5cc-4b5f-ae94-0d9b957391fe,f72c4b11-a272-4e65-8682-d21092f8c22b
e0c1d7f0-8ae4-4b01-8a10-cb951fb4f6f5,31342937-c1b4-4505-b4be-bb2b6420f493,1100b168-47a0-4450-9f9c-2defe33a8717
800dc95d-f7f9-445f-bbf9-3662630a7c33,e9b1ef74-2ac6-46dc-a564-62bda041da70,1100b168-47a0-4450-9f9c-2defe33a8717
b18099ef-3657-4fe8-b1c7-e6bcff649477,fe69482d-2e31-4a9a-ad73-5c3ae2c63482,f72c4b11-a272-4e65-8682-d21092f8c22b
c2248c27-8b7c-45f5-8c52-5c99db66282e,6c0e4327-5050-4e6e-88b0-1794e6ca31a7,f72c4b11-a272-4e65-8682-d21092f8c22b
c2802e10-c220-4afe-9982-de358bfa6ce8,b5b87c2d-e3ca-400a-8da6-4617f5324c02,f72c4b11-a272-4e65-8682-d21092f8c22b
e83bbd6f-6f7d-4ccb-a13f-e04ea014d921,b9422e5c-423c-4a82-9d4a-c857fb7f83d5,c0cd08f9-543f-4e22-9284-aa3836d7dbc0
80351085-8b49-47dc-a62b-5da8e8b3e773,e159b8cf-48f5-40fc-bc81-717b7a4d0c8e,c0cd08f9-543f-4e22-9284-aa3836d7dbc0
088ab6b5-3dce-4e5a-97f7-41f2e2fbc682,c37f0521-1f8e-4eb7-a8a9-e9fd8d065ba3,044a7982-90ae-4bdd-93d6-66a0f25b0c49
6582b1d5-af58-47ef-9ddd-6c4b15e1261d,b2fb30f3-ea47-48bb-90fc-0af849235f27,c0cd08f9-543f-4e22-9284-aa3836d7dbc0
83362212-4aa5-4ce9-9b49-1ba79f0bdf76,5c4d58ce-fdb5-4a52-97d8-a64aec0d6274,c0cd08f9-543f-4e22-9284-aa3836d7dbc0
d2a11acc-9e9c-41c5-8ee7-e6a379af6fab,9b001db7-9a2b-4200-b6d8-6f540a849fc0,fab72853-b634-4746-99be-93a1fd91f853
e659a555-10fa-4ebc-9c7c-c414a239c337,092060a8-07d5-4083-b183-c53a42b57468,f72c4b11-a272-4e65-8682-d21092f8c22b
8b021608-bf33-43b1-8b33-71d8db26a68b,97034fe2-ee61-4f75-bb48-15ef24eb084d,f72c4b11-a272-4e65-8682-d21092f8c22b
e2c55e0e-dd19-4722-9ea3-f8bcf9d7bfeb,c37f0521-1f8e-4eb7-a8a9-e9fd8d065ba3,044a7982-90ae-4bdd-93d6-66a0f25b0c49
60efc7c9-7fbe-4565-9903-cb992122d1ca,c37f0521-1f8e-4eb7-a8a9-e9fd8d065ba3,044a7982-90ae-4bdd-93d6-66a0f25b0c49
a0422d2f-68ad-437c-9446-3c33bf40913f,5c4d58ce-fdb5-4a52-97d8-a64aec0d6274,c0cd08f9-543f-4e22-9284-aa3836d7dbc0
9eecea1d-f763-4be5-bacd-d894ac0404d7,53485afa-758c-4c5e-8a2e-a293000a6230,044a7982-90ae-4bdd-93d6-66a0f25b0c49
19f45648-c207-4ebf-ac5e-bd006e8fd407,72b329b1-4608-4db8-bfe9-b49c5306d38e,c0cd08f9-543f-4e22-9284-aa3836d7dbc0
aa42af5e-9bbf-478a-868a-d0cab88892f6,72b329b1-4608-4db8-bfe9-b49c5306d38e,c0cd08f9-543f-4e22-9284-aa3836d7dbc0
6f6e4d0b-5aaf-4513-88c9-15d000409599,7ce8abfe-582f-43be-b353-295fd12ef0ef,f72c4b11-a272-4e65-8682-d21092f8c22b
c69f0c7c-11c7-40a1-97a4-726fad50beeb,e90571b2-e6f9-4b7a-adee-079b5a5eab2b,f72c4b11-a272-4e65-8682-d21092f8c22b
9fbe5076-1baa-4321-9e15-4ccc4be7eb87,5c4d58ce-fdb5-4a52-97d8-a64aec0d6274,c0cd08f9-543f-4e22-9284-aa3836d7dbc0
4e352928-c27a-46c6-a39c-f18f554e8702,845c1a0f-6407-4fc5-bfcc-ac66843f0143,1100b168-47a0-4450-9f9c-2defe33a8717
ece2bb8c-b9af-4bda-a6c9-9b9c4da8fe5b,1b5ec25f-f2db-4efa-bbfa-f3ecc5ab3cf6,f72c4b11-a272-4e65-8682-d21092f8c22b
2758c694-6fff-4d18-94d6-df9c1980f20e,c93ac7ff-d217-4382-b346-c007effaea1f,f72c4b11-a272-4e65-8682-d21092f8c22b
a9f7c4db-71ef-4101-b182-358f11669ad7,4af8f5f9-18d3-42a8-8ac6-341949d70924,f72c4b11-a272-4e65-8682-d21092f8c22b
9a66cd98-950f-49b4-a4e6-c2c139b40581,3a8502ab-a119-4177-89da-4f2d6481dfb6,1100b168-47a0-4450-9f9c-2defe33a8717
80a883bc-0116-4741-88b3-347db1759069,72b329b1-4608-4db8-bfe9-b49c5306d38e,c0cd08f9-543f-4e22-9284-aa3836d7dbc0
c66c9612-4b6f-4a6d-9f13-da0b8ed0081a,344f32ba-be19-42e1-abd9-132fe01f9b2c,f72c4b11-a272-4e65-8682-d21092f8c22b
c6be9d26-060f-456d-b81a-602050fe26fc,7dc2d360-5fa3-49d8-aa46-01e29ae6304e,c0cd08f9-543f-4e22-9284-aa3836d7dbc0
4df38a20-fcc0-44c8-adca-ed476432c549,7781a23c-9a35-4be1-a2ea-b1203e4f919a,f72c4b11-a272-4e65-8682-d21092f8c22b
151584a3-f83d-49af-b708-35c7f7f5c0ac,ae115193-350b-499f-851a-b8ceea57cc06,1100b168-47a0-4450-9f9c-2defe33a8717
d7daf37d-e846-4f46-99d3-cb1abd9d0447,89c4e848-f46b-476c-8839-3c65b714c3cb,64e97512-7b6f-4f2b-99b9-28da1e15d08c
c6d89802-8334-4117-8773-dbcce2d48cf7,08b85b37-af7f-4d78-b88b-93e9eddb0e0b,f72c4b11-a272-4e65-8682-d21092f8c22b
d4372318-0612-4ac5-bb35-632b54d76668,4e06b553-a524-497b-bd05-a957fbcf10cc,1100b168-47a0-4450-9f9c-2defe33a8717
18979c42-bdca-4bc9-9495-057a577bfe69,7173e05d-bed1-4d0e-be73-34fd04430234,044a7982-90ae-4bdd-93d6-66a0f25b0c49
f96cddc0-263e-480e-8d21-fbc6db007bd4,6d0e74bd-9568-4db1-8fa3-d2e04b5c6620,f72c4b11-a272-4e65-8682-d21092f8c22b
e2c1b2c6-466b-48f4-94b9-7dd21f68e228,481c3f6e-2ed6-4701-887d-28634ff038a9,f72c4b11-a272-4e65-8682-d21092f8c22b
ef91ad38-14cb-4cf0-8620-4f7fbcfeb7c7,4b225030-1bae-4902-a3ce-34750326db56,f72c4b11-a272-4e65-8682-d21092f8c22b
c8f0197a-4013-4926-b878-4739bc507dbb,f3b87489-00cb-475c-be3e-63a2f937e96f,f72c4b11-a272-4e65-8682-d21092f8c22b
7934b8e9-0c02-44c5-adaf-d6b0e0d096ce,845fffcc-4299-4b66-bb62-1e1bac7abf24,f72c4b11-a272-4e65-8682-d21092f8c22b
337e3c3f-e347-4a61-91a0-76fb6f16ec00,40f82abf-333d-4195-8275-b0a9919d533e,f72c4b11-a272-4e65-8682-d21092f8c22b
fa2728b7-b5c4-4a25-a30c-c649fe958694,a3d8492b-160b-48d2-9d55-5c1357ce4252,f72c4b11-a272-4e65-8682-d21092f8c22b
17b18e7b-5555-4d9e-9a86-9a5c57c7a70f,ddb79078-7256-4bfd-a292-d8f55bad2e66,f72c4b11-a272-4e65-8682-d21092f8c22b
2bd942d0-1dae-4205-8a21-1160f1b94bae,0b347ca6-f0e8-4e2e-a4d0-8a9e4b98d8f3,f72c4b11-a272-4e65-8682-d21092f8c22b
5ea87fcd-2fd9-4971-8dff-f4b8e1cbd89f,f47f1ae8-7f34-44a6-964d-c7c9fda28d21,f72c4b11-a272-4e65-8682-d21092f8c22b
5bc76247-c468-4b89-903b-ac92527f5854,53c61cc5-f51b-40b1-b5a0-44f1c2674d90,f72c4b11-a272-4e65-8682-d21092f8c22b
83a73053-eb80-4d0b-a37b-0b789ddca33a,30b5648a-f223-4c02-9d6c-515790914daa,f72c4b11-a272-4e65-8682-d21092f8c22b
366a6016-544a-44a6-953d-7e3b24742489,484ef170-d997-4ad1-869b-ce34426a332e,f72c4b11-a272-4e65-8682-d21092f8c22b
396d61d1-4bcd-4d15-ae76-71200d899edf,ff830577-e1d8-42b9-85eb-ce85ccf51c50,f72c4b11-a272-4e65-8682-d21092f8c22b
12c4d585-a4ae-4daf-bf69-b1189a905cb5,6e507cb1-97d5-4380-9d64-e6ca85183f85,f72c4b11-a272-4e65-8682-d21092f8c22b
44805f80-aa50-46d6-88bd-8769bffd2ea9,420c8124-2411-4e43-ae6a-234ba37512bb,1100b168-47a0-4450-9f9c-2defe33a8717
b4eda74b-ab92-4422-bb49-4cb86f41406c,4275ea16-75bb-4cba-85a0-683229eb998e,f72c4b11-a272-4e65-8682-d21092f8c22b
ca6ac3e2-5e61-4a20-9a91-1e6ead6ea453,0b347ca6-f0e8-4e2e-a4d0-8a9e4b98d8f3,f72c4b11-a272-4e65-8682-d21092f8c22b
edd2bb31-b08d-4230-aed7-7d3ef3f18606,bccfce1a-85ee-466c-9bac-260e5d0b1c2f,f72c4b11-a272-4e65-8682-d21092f8c22b
8e682700-0bac-4324-8e61-5fd521c97df0,30b5648a-f223-4c02-9d6c-515790914daa,f72c4b11-a272-4e65-8682-d21092f8c22b
eec52d42-9801-4ec0-a313-36eecc102953,f07bf915-1394-4b81-95d5-d3e6f7db70d8,f72c4b11-a272-4e65-8682-d21092f8c22b
b885c2bf-2277-4e0b-b297-810130ea53be,916fbc80-32a8-4579-961c-b3fc54aceaa9,f72c4b11-a272-4e65-8682-d21092f8c22b
2fe9f1fa-f25d-4691-bc15-2e74bc5f5436,d287b295-33c6-4471-b891-c04dccaaa681,f72c4b11-a272-4e65-8682-d21092f8c22b
56c1f4b8-dd1b-4736-9aed-9f6c96741936,a386006d-7ca9-420d-943b-1bc0b1bc07e6,f72c4b11-a272-4e65-8682-d21092f8c22b
eeca5046-1477-44bb-bf37-7e136d649b28,d3e97c7b-2ff6-4cb5-b6ca-37d79fb61e30,f72c4b11-a272-4e65-8682-d21092f8c22b
183b6c98-294c-4e84-aebd-9127b8d85cd9,7f448bfe-6913-4c7e-8c73-f2876d13f870,f72c4b11-a272-4e65-8682-d21092f8c22b
0c5402e2-eb21-40e4-b67f-dfc9de90b4a9,c06b27e7-9286-49fc-bace-df84395d5887,f72c4b11-a272-4e65-8682-d21092f8c22b
8c57e10e-130f-415a-9662-b0807f1d76c6,13be73f6-ca8a-4e6e-a8f7-30b95000b5e3,f72c4b11-a272-4e65-8682-d21092f8c22b
3f8cc1ee-30d5-4df3-9dbb-7fafc85e2185,2e5377e6-66e3-454d-9290-33f33c907dd8,f72c4b11-a272-4e65-8682-d21092f8c22b
ca1c291e-6c41-4e97-9002-656cd0e6c178,b9312f2b-8e88-40f2-a7f5-fc4613b247a5,f72c4b11-a272-4e65-8682-d21092f8c22b
085a9048-c2b9-413b-9556-daf36168667e,8b114949-ec52-4c3a-8176-155d16955792,f72c4b11-a272-4e65-8682-d21092f8c22b
be11ab7b-a5af-4006-b9ad-3898e39eb103,d62bf1c3-8180-4c5f-8644-62090a4e0b87,1100b168-47a0-4450-9f9c-2defe33a8717
a0d5adb3-5da3-46db-baaa-81ce1d576668,e2a9ac68-8683-4898-a0e7-2546a3c16e75,f72c4b11-a272-4e65-8682-d21092f8c22b
77a4d4f9-922d-4565-ac19-8f49e0581c8e,ecbcb86a-8db6-4792-8d36-6467157aa225,044a7982-90ae-4bdd-93d6-66a0f25b0c49
88bbc110-3b64-484d-928d-77c755b10dca,8b2aba2c-a7a9-4c0f-a3f9-17464e6c31b5,c0cd08f9-543f-4e22-9284-aa3836d7dbc0
a8ed9e46-ea6a-4be3-9ebf-a0af7c3a9a53,baccca39-d6bd-42b5-ae07-6fbfa4cf3d84,1100b168-47a0-4450-9f9c-2defe33a8717
1d441e77-4a73-419b-aac3-105ca78dd881,d6112516-1641-42c2-b7ed-b26c9ee82ffd,1100b168-47a0-4450-9f9c-2defe33a8717
fcf57235-bf33-4025-b54c-fc63bd12fd56,5154117d-da06-4fa2-9a9f-331fb6b2b76a,1100b168-47a0-4450-9f9c-2defe33a8717
4580fc94-e45c-4892-963b-b4cb46780b8f,7f65b429-89e4-4613-928e-97d30972af53,044a7982-90ae-4bdd-93d6-66a0f25b0c49
d8194ce0-b25b-4805-a740-9866f666437a,249bf7e2-0941-40d1-8415-a1a416b3fe96,1100b168-47a0-4450-9f9c-2defe33a8717
ca7171ce-cb1a-4e0c-8b9f-4373a8377f56,54ace3c3-5d36-41cb-acdc-42d7becc11df,c0cd08f9-543f-4e22-9284-aa3836d7dbc0
fe429e1a-ae81-4277-8467-fb74d2bbc197,db4d5797-ed5f-4186-a2f3-95af81a012f2,f73cbf32-c9ba-4b4f-8fe9-5ba27dbfc666
6a83d435-0e8a-4770-a574-d628ae0614b0,b5a9f489-dd9f-4708-9687-560e42661fab,044a7982-90ae-4bdd-93d6-66a0f25b0c49
95fd1d89-bf96-4786-b2db-937cd654e47a,7a6f8d4b-205c-4d93-b9d5-0019245ed421,044a7982-90ae-4bdd-93d6-66a0f25b0c49
fba977ff-251a-48b4-a114-bd6f44b19ad1,dbb62e8f-58dd-4fe0-893d-5ba37f7a0784,044a7982-90ae-4bdd-93d6-66a0f25b0c49
c37faa53-0ab3-4673-8320-0eaedc7cb476,0f5304fa-d9ca-4012-ac70-f94e43521b4e,f72c4b11-a272-4e65-8682-d21092f8c22b
ed169ca6-4d1c-479f-98ad-c3b22a873ab1,a8ea68b8-1866-49f7-a58a-348b1b977631,64e97512-7b6f-4f2b-99b9-28da1e15d08c
24e85a67-4454-42c6-8929-5214d4373247,a57d5a43-4f50-4618-80e1-27f0af659c7d,f72c4b11-a272-4e65-8682-d21092f8c22b
e07037e9-8724-48f0-bea0-c74e0df75ffb,3b40a7af-0f77-4d53-8d2d-09100b1aa77d,1100b168-47a0-4450-9f9c-2defe33a8717
c285cd24-538d-4e66-bdf7-6d18e1a6ea92,bc3542bf-dcf4-453b-a3b9-5c4662b90de0,1100b168-47a0-4450-9f9c-2defe33a8717
bb2821bf-f854-4131-829e-bf847a988e23,77dcba13-559c-4a22-b738-92a381879bed,f72c4b11-a272-4e65-8682-d21092f8c22b
e9612b8f-8521-4c4f-841d-b73fffbb1317,61df28c1-5dde-416d-b695-c6c8ebd4f8f0,1100b168-47a0-4450-9f9c-2defe33a8717
42e764b4-11ac-43e7-85e6-7917873a0d0f,3e0858da-2af0-4200-82ba-2dd57c86b0f2,f72c4b11-a272-4e65-8682-d21092f8c22b
b520c2dd-901d-4c70-9d3f-5ccec168822d,cdf45e99-f146-4b34-9763-8383f1e45135,1100b168-47a0-4450-9f9c-2defe33a8717
77529b80-a0ae-46ae-ab36-59c10325044e,7dc2d360-5fa3-49d8-aa46-01e29ae6304e,c0cd08f9-543f-4e22-9284-aa3836d7dbc0
7ad49c11-c403-415f-823c-ad3fabdeaa5e,95f4e6ec-c49d-486f-8182-4b9bb21bd521,c0cd08f9-543f-4e22-9284-aa3836d7dbc0
7880d17e-6291-4b2e-8252-49a5db88d333,8c24bd2a-7e54-4a9d-a0be-940735c30a68,c0cd08f9-543f-4e22-9284-aa3836d7dbc0
07ec422e-a6dc-47c4-9e30-010c0c81a255,620c9eaf-5680-4fa0-8ea8-1cd895c5154e,c0cd08f9-543f-4e22-9284-aa3836d7dbc0
181675fc-67ef-4061-974d-0aef0e359ee2,8aad0942-1eed-4aee-9c01-7f3a1dcb4a22,044a7982-90ae-4bdd-93d6-66a0f25b0c49
8214a2d7-91e4-4e2b-ada9-a021d4b457c0,72b329b1-4608-4db8-bfe9-b49c5306d38e,c0cd08f9-543f-4e22-9284-aa3836d7dbc0
c4c58447-9b48-42d6-bd05-e6d40dd8a2b5,e6a146a4-d926-454d-ba24-e7e275ea1226,f72c4b11-a272-4e65-8682-d21092f8c22b
c84bb66e-7ae4-4c41-8cc0-b82b7409959d,54ace3c3-5d36-41cb-acdc-42d7becc11df,fa2f3c30-c220-4fe5-863e-98376d71712f
ae079505-fc34-4ec9-94d8-b64a30bac5eb,6f81fd7a-3351-4a44-bd7b-f519f2bda134,1100b168-47a0-4450-9f9c-2defe33a8717
7ce2e772-0382-4d83-bc2f-beb6b35b7739,e159b8cf-48f5-40fc-bc81-717b7a4d0c8e,fa2f3c30-c220-4fe5-863e-98376d71712f
c066c39e-d049-4d13-82d3-ed68e961d2f5,53485afa-758c-4c5e-8a2e-a293000a6230,044a7982-90ae-4bdd-93d6-66a0f25b0c49
1240fe96-0539-4bff-b27e-ec0b39b010c3,7173e05d-bed1-4d0e-be73-34fd04430234,044a7982-90ae-4bdd-93d6-66a0f25b0c49
50d123fa-9f69-47d7-be58-dbc99b270887,54ace3c3-5d36-41cb-acdc-42d7becc11df,fa2f3c30-c220-4fe5-863e-98376d71712f
60c27fad-95a5-42db-9351-29fa1d4a8da2,dcfac5d8-dd0c-4a77-9ae5-a83397aa940b,1100b168-47a0-4450-9f9c-2defe33a8717
790b973d-a44a-4386-b926-8832b785fe0a,4e06b553-a524-497b-bd05-a957fbcf10cc,1100b168-47a0-4450-9f9c-2defe33a8717
82615157-052b-4746-991d-e0c727991fb1,53485afa-758c-4c5e-8a2e-a293000a6230,044a7982-90ae-4bdd-93d6-66a0f25b0c49
894fa0d0-b9fd-46af-8cba-e63f4e075baf,e159b8cf-48f5-40fc-bc81-717b7a4d0c8e,fa2f3c30-c220-4fe5-863e-98376d71712f
